Iteracao,Sitios Vazios,Particulas Pequenas,Particulas Grandes,pp,pg
1,193,0,107,0.0,1.0
2,176,0,124,0.0,1.0
3,173,0,127,0.0,1.0
4,172,0,128,0.0,1.0
5,172,0,128,0.0,1.0
6,171,0,129,0.0,1.0
7,171,0,129,0.0,1.0
8,171,0,129,0.0,1.0
9,171,0,129,0.0,1.0
10,171,0,129,0.0,1.0
11,171,0,129,0.0,1.0
12,171,0,129,0.0,1.0
13,171,0,129,0.0,1.0
14,171,0,129,0.0,1.0
15,171,0,129,0.0,1.0
16,171,0,129,0.0,1.0
17,171,0,129,0.0,1.0
18,171,0,129,0.0,1.0
19,171,0,129,0.0,1.0
20,171,0,129,0.0,1.0
21,171,0,129,0.0,1.0
22,171,0,129,0.0,1.0
23,171,0,129,0.0,1.0
24,171,0,129,0.0,1.0
25,171,0,129,0.0,1.0
26,171,0,129,0.0,1.0
27,171,0,129,0.0,1.0
28,171,0,129,0.0,1.0
29,171,0,129,0.0,1.0
30,171,0,129,0.0,1.0
31,171,0,129,0.0,1.0
32,171,0,129,0.0,1.0
33,171,0,129,0.0,1.0
34,171,0,129,0.0,1.0
35,171,0,129,0.0,1.0
36,171,0,129,0.0,1.0
37,171,0,129,0.0,1.0
38,171,0,129,0.0,1.0
39,171,0,129,0.0,1.0
40,171,0,129,0.0,1.0
41,171,0,129,0.0,1.0
42,171,0,129,0.0,1.0
43,171,0,129,0.0,1.0
44,171,0,129,0.0,1.0
45,171,0,129,0.0,1.0
46,171,0,129,0.0,1.0
47,171,0,129,0.0,1.0
48,171,0,129,0.0,1.0
49,171,0,129,0.0,1.0
50,171,0,129,0.0,1.0
51,171,0,129,0.0,1.0
52,171,0,129,0.0,1.0
53,171,0,129,0.0,1.0
54,171,0,129,0.0,1.0
55,171,0,129,0.0,1.0
56,171,0,129,0.0,1.0
57,171,0,129,0.0,1.0
58,171,0,129,0.0,1.0
59,171,0,129,0.0,1.0
60,171,0,129,0.0,1.0
61,171,0,129,0.0,1.0
62,171,0,129,0.0,1.0
63,171,0,129,0.0,1.0
64,171,0,129,0.0,1.0
65,171,0,129,0.0,1.0
66,171,0,129,0.0,1.0
67,171,0,129,0.0,1.0
68,171,0,129,0.0,1.0
69,171,0,129,0.0,1.0
70,171,0,129,0.0,1.0
71,171,0,129,0.0,1.0
72,171,0,129,0.0,1.0
73,171,0,129,0.0,1.0
74,171,0,129,0.0,1.0
75,171,0,129,0.0,1.0
76,171,0,129,0.0,1.0
77,171,0,129,0.0,1.0
78,171,0,129,0.0,1.0
79,171,0,129,0.0,1.0
80,171,0,129,0.0,1.0
81,171,0,129,0.0,1.0
82,171,0,129,0.0,1.0
83,171,0,129,0.0,1.0
84,171,0,129,0.0,1.0
85,171,0,129,0.0,1.0
86,171,0,129,0.0,1.0
87,171,0,129,0.0,1.0
88,171,0,129,0.0,1.0
89,171,0,129,0.0,1.0
90,171,0,129,0.0,1.0
91,171,0,129,0.0,1.0
92,171,0,129,0.0,1.0
93,171,0,129,0.0,1.0
94,171,0,129,0.0,1.0
95,171,0,129,0.0,1.0
96,171,0,129,0.0,1.0
97,171,0,129,0.0,1.0
98,171,0,129,0.0,1.0
99,171,0,129,0.0,1.0
100,171,0,129,0.0,1.0
101,171,0,129,0.0,1.0
102,171,0,129,0.0,1.0
103,171,0,129,0.0,1.0
104,171,0,129,0.0,1.0
105,171,0,129,0.0,1.0
106,171,0,129,0.0,1.0
107,171,0,129,0.0,1.0
108,171,0,129,0.0,1.0
109,171,0,129,0.0,1.0
110,171,0,129,0.0,1.0
111,171,0,129,0.0,1.0
112,171,0,129,0.0,1.0
113,171,0,129,0.0,1.0
114,171,0,129,0.0,1.0
115,171,0,129,0.0,1.0
116,171,0,129,0.0,1.0
117,171,0,129,0.0,1.0
118,171,0,129,0.0,1.0
119,171,0,129,0.0,1.0
120,171,0,129,0.0,1.0
121,171,0,129,0.0,1.0
122,171,0,129,0.0,1.0
123,171,0,129,0.0,1.0
124,171,0,129,0.0,1.0
125,171,0,129,0.0,1.0
126,171,0,129,0.0,1.0
127,171,0,129,0.0,1.0
128,171,0,129,0.0,1.0
129,171,0,129,0.0,1.0
130,171,0,129,0.0,1.0
131,171,0,129,0.0,1.0
132,171,0,129,0.0,1.0
133,171,0,129,0.0,1.0
134,171,0,129,0.0,1.0
135,171,0,129,0.0,1.0
136,171,0,129,0.0,1.0
137,171,0,129,0.0,1.0
138,171,0,129,0.0,1.0
139,171,0,129,0.0,1.0
140,171,0,129,0.0,1.0
141,171,0,129,0.0,1.0
142,171,0,129,0.0,1.0
143,171,0,129,0.0,1.0
144,171,0,129,0.0,1.0
145,171,0,129,0.0,1.0
146,171,0,129,0.0,1.0
147,171,0,129,0.0,1.0
148,171,0,129,0.0,1.0
149,171,0,129,0.0,1.0
150,171,0,129,0.0,1.0
151,171,0,129,0.0,1.0
152,171,0,129,0.0,1.0
153,171,0,129,0.0,1.0
154,171,0,129,0.0,1.0
155,171,0,129,0.0,1.0
156,171,0,129,0.0,1.0
157,171,0,129,0.0,1.0
158,171,0,129,0.0,1.0
159,171,0,129,0.0,1.0
160,171,0,129,0.0,1.0
161,171,0,129,0.0,1.0
162,171,0,129,0.0,1.0
163,171,0,129,0.0,1.0
164,171,0,129,0.0,1.0
165,171,0,129,0.0,1.0
166,171,0,129,0.0,1.0
167,171,0,129,0.0,1.0
168,171,0,129,0.0,1.0
169,171,0,129,0.0,1.0
170,171,0,129,0.0,1.0
171,171,0,129,0.0,1.0
172,171,0,129,0.0,1.0
173,171,0,129,0.0,1.0
174,171,0,129,0.0,1.0
175,171,0,129,0.0,1.0
176,171,0,129,0.0,1.0
177,171,0,129,0.0,1.0
178,171,0,129,0.0,1.0
179,171,0,129,0.0,1.0
180,171,0,129,0.0,1.0
181,171,0,129,0.0,1.0
182,171,0,129,0.0,1.0
183,171,0,129,0.0,1.0
184,171,0,129,0.0,1.0
185,171,0,129,0.0,1.0
186,171,0,129,0.0,1.0
187,171,0,129,0.0,1.0
188,171,0,129,0.0,1.0
189,171,0,129,0.0,1.0
190,171,0,129,0.0,1.0
191,171,0,129,0.0,1.0
192,171,0,129,0.0,1.0
193,171,0,129,0.0,1.0
194,171,0,129,0.0,1.0
195,171,0,129,0.0,1.0
196,171,0,129,0.0,1.0
197,171,0,129,0.0,1.0
198,171,0,129,0.0,1.0
199,171,0,129,0.0,1.0
200,171,0,129,0.0,1.0
201,171,0,129,0.0,1.0
202,171,0,129,0.0,1.0
203,171,0,129,0.0,1.0
204,171,0,129,0.0,1.0
205,171,0,129,0.0,1.0
206,171,0,129,0.0,1.0
207,171,0,129,0.0,1.0
208,171,0,129,0.0,1.0
209,171,0,129,0.0,1.0
210,171,0,129,0.0,1.0
211,171,0,129,0.0,1.0
212,171,0,129,0.0,1.0
213,171,0,129,0.0,1.0
214,171,0,129,0.0,1.0
215,171,0,129,0.0,1.0
216,171,0,129,0.0,1.0
217,171,0,129,0.0,1.0
218,171,0,129,0.0,1.0
219,171,0,129,0.0,1.0
220,171,0,129,0.0,1.0
221,171,0,129,0.0,1.0
222,171,0,129,0.0,1.0
223,171,0,129,0.0,1.0
224,171,0,129,0.0,1.0
225,171,0,129,0.0,1.0
226,171,0,129,0.0,1.0
227,171,0,129,0.0,1.0
228,171,0,129,0.0,1.0
229,171,0,129,0.0,1.0
230,171,0,129,0.0,1.0
231,171,0,129,0.0,1.0
232,171,0,129,0.0,1.0
233,171,0,129,0.0,1.0
234,171,0,129,0.0,1.0
235,171,0,129,0.0,1.0
236,171,0,129,0.0,1.0
237,171,0,129,0.0,1.0
238,171,0,129,0.0,1.0
239,171,0,129,0.0,1.0
240,171,0,129,0.0,1.0
241,171,0,129,0.0,1.0
242,171,0,129,0.0,1.0
243,171,0,129,0.0,1.0
244,171,0,129,0.0,1.0
245,171,0,129,0.0,1.0
246,171,0,129,0.0,1.0
247,171,0,129,0.0,1.0
248,171,0,129,0.0,1.0
249,171,0,129,0.0,1.0
250,171,0,129,0.0,1.0
251,171,0,129,0.0,1.0
252,171,0,129,0.0,1.0
253,171,0,129,0.0,1.0
254,171,0,129,0.0,1.0
255,171,0,129,0.0,1.0
256,171,0,129,0.0,1.0
257,171,0,129,0.0,1.0
258,171,0,129,0.0,1.0
259,171,0,129,0.0,1.0
260,171,0,129,0.0,1.0
261,171,0,129,0.0,1.0
262,171,0,129,0.0,1.0
263,171,0,129,0.0,1.0
264,171,0,129,0.0,1.0
265,171,0,129,0.0,1.0
266,171,0,129,0.0,1.0
267,171,0,129,0.0,1.0
268,171,0,129,0.0,1.0
269,171,0,129,0.0,1.0
270,171,0,129,0.0,1.0
271,171,0,129,0.0,1.0
272,171,0,129,0.0,1.0
273,171,0,129,0.0,1.0
274,171,0,129,0.0,1.0
275,171,0,129,0.0,1.0
276,171,0,129,0.0,1.0
277,171,0,129,0.0,1.0
278,171,0,129,0.0,1.0
279,171,0,129,0.0,1.0
280,171,0,129,0.0,1.0
281,171,0,129,0.0,1.0
282,171,0,129,0.0,1.0
283,171,0,129,0.0,1.0
284,171,0,129,0.0,1.0
285,171,0,129,0.0,1.0
286,171,0,129,0.0,1.0
287,171,0,129,0.0,1.0
288,171,0,129,0.0,1.0
289,171,0,129,0.0,1.0
290,171,0,129,0.0,1.0
291,171,0,129,0.0,1.0
292,171,0,129,0.0,1.0
293,171,0,129,0.0,1.0
294,171,0,129,0.0,1.0
295,171,0,129,0.0,1.0
296,171,0,129,0.0,1.0
297,171,0,129,0.0,1.0
298,171,0,129,0.0,1.0
299,171,0,129,0.0,1.0
300,171,0,129,0.0,1.0
1,208,7,85,0.1,0.9
2,199,5,96,0.1,0.9
3,185,4,111,0.1,0.9
4,180,2,118,0.1,0.9
5,184,2,114,0.1,0.9
6,184,5,111,0.1,0.9
7,181,4,115,0.1,0.9
8,182,4,114,0.1,0.9
9,182,4,114,0.1,0.9
10,180,1,119,0.1,0.9
11,185,1,114,0.1,0.9
12,181,2,117,0.1,0.9
13,172,1,127,0.1,0.9
14,179,0,121,0.1,0.9
15,174,0,126,0.1,0.9
16,172,0,128,0.1,0.9
17,177,2,121,0.1,0.9
18,181,0,119,0.1,0.9
19,179,0,121,0.1,0.9
20,181,2,117,0.1,0.9
21,177,1,122,0.1,0.9
22,179,0,121,0.1,0.9
23,179,2,119,0.1,0.9
24,175,3,122,0.1,0.9
25,176,3,121,0.1,0.9
26,174,3,123,0.1,0.9
27,179,1,120,0.1,0.9
28,180,1,119,0.1,0.9
29,183,1,116,0.1,0.9
30,174,1,125,0.1,0.9
31,179,3,118,0.1,0.9
32,182,2,116,0.1,0.9
33,177,1,122,0.1,0.9
34,176,0,124,0.1,0.9
35,180,2,118,0.1,0.9
36,178,6,116,0.1,0.9
37,185,5,110,0.1,0.9
38,182,1,117,0.1,0.9
39,181,2,117,0.1,0.9
40,180,0,120,0.1,0.9
41,177,0,123,0.1,0.9
42,181,0,119,0.1,0.9
43,183,1,116,0.1,0.9
44,186,2,112,0.1,0.9
45,178,3,119,0.1,0.9
46,175,3,122,0.1,0.9
47,177,1,122,0.1,0.9
48,184,2,114,0.1,0.9
49,178,0,122,0.1,0.9
50,180,0,120,0.1,0.9
51,179,2,119,0.1,0.9
52,180,3,117,0.1,0.9
53,173,4,123,0.1,0.9
54,177,3,120,0.1,0.9
55,176,0,124,0.1,0.9
56,177,2,121,0.1,0.9
57,180,0,120,0.1,0.9
58,184,1,115,0.1,0.9
59,175,3,122,0.1,0.9
60,176,1,123,0.1,0.9
61,181,3,116,0.1,0.9
62,181,3,116,0.1,0.9
63,178,3,119,0.1,0.9
64,174,4,122,0.1,0.9
65,174,2,124,0.1,0.9
66,170,1,129,0.1,0.9
67,174,1,125,0.1,0.9
68,177,4,119,0.1,0.9
69,174,1,125,0.1,0.9
70,171,1,128,0.1,0.9
71,174,0,126,0.1,0.9
72,174,1,125,0.1,0.9
73,179,1,120,0.1,0.9
74,178,1,121,0.1,0.9
75,176,0,124,0.1,0.9
76,179,0,121,0.1,0.9
77,169,3,128,0.1,0.9
78,180,2,118,0.1,0.9
79,180,1,119,0.1,0.9
80,180,2,118,0.1,0.9
81,184,2,114,0.1,0.9
82,174,3,123,0.1,0.9
83,176,4,120,0.1,0.9
84,184,1,115,0.1,0.9
85,180,1,119,0.1,0.9
86,172,2,126,0.1,0.9
87,178,0,122,0.1,0.9
88,177,1,122,0.1,0.9
89,178,3,119,0.1,0.9
90,179,1,120,0.1,0.9
91,178,1,121,0.1,0.9
92,177,1,122,0.1,0.9
93,175,2,123,0.1,0.9
94,178,3,119,0.1,0.9
95,170,3,127,0.1,0.9
96,169,5,126,0.1,0.9
97,176,5,119,0.1,0.9
98,177,2,121,0.1,0.9
99,175,0,125,0.1,0.9
100,176,0,124,0.1,0.9
101,173,1,126,0.1,0.9
102,175,1,124,0.1,0.9
103,176,1,123,0.1,0.9
104,173,2,125,0.1,0.9
105,174,1,125,0.1,0.9
106,182,0,118,0.1,0.9
107,176,0,124,0.1,0.9
108,176,2,122,0.1,0.9
109,170,5,125,0.1,0.9
110,171,5,124,0.1,0.9
111,173,4,123,0.1,0.9
112,178,1,121,0.1,0.9
113,176,2,122,0.1,0.9
114,178,1,121,0.1,0.9
115,179,2,119,0.1,0.9
116,179,1,120,0.1,0.9
117,177,2,121,0.1,0.9
118,178,1,121,0.1,0.9
119,173,3,124,0.1,0.9
120,173,1,126,0.1,0.9
121,175,1,124,0.1,0.9
122,170,2,128,0.1,0.9
123,174,2,124,0.1,0.9
124,171,3,126,0.1,0.9
125,173,2,125,0.1,0.9
126,174,1,125,0.1,0.9
127,171,1,128,0.1,0.9
128,171,0,129,0.1,0.9
129,169,0,131,0.1,0.9
130,172,2,126,0.1,0.9
131,172,2,126,0.1,0.9
132,175,4,121,0.1,0.9
133,179,5,116,0.1,0.9
134,174,4,122,0.1,0.9
135,172,3,125,0.1,0.9
136,173,2,125,0.1,0.9
137,175,1,124,0.1,0.9
138,175,2,123,0.1,0.9
139,177,1,122,0.1,0.9
140,175,0,125,0.1,0.9
141,179,4,117,0.1,0.9
142,181,3,116,0.1,0.9
143,184,4,112,0.1,0.9
144,186,3,111,0.1,0.9
145,183,3,114,0.1,0.9
146,178,3,119,0.1,0.9
147,177,3,120,0.1,0.9
148,181,2,117,0.1,0.9
149,178,4,118,0.1,0.9
150,182,1,117,0.1,0.9
151,180,1,119,0.1,0.9
152,173,0,127,0.1,0.9
153,174,0,126,0.1,0.9
154,175,1,124,0.1,0.9
155,175,0,125,0.1,0.9
156,174,0,126,0.1,0.9
157,175,0,125,0.1,0.9
158,178,2,120,0.1,0.9
159,173,2,125,0.1,0.9
160,179,2,119,0.1,0.9
161,180,1,119,0.1,0.9
162,179,1,120,0.1,0.9
163,178,3,119,0.1,0.9
164,174,4,122,0.1,0.9
165,181,4,115,0.1,0.9
166,180,4,116,0.1,0.9
167,178,3,119,0.1,0.9
168,179,2,119,0.1,0.9
169,179,1,120,0.1,0.9
170,173,2,125,0.1,0.9
171,177,1,122,0.1,0.9
172,176,2,122,0.1,0.9
173,171,3,126,0.1,0.9
174,175,2,123,0.1,0.9
175,176,1,123,0.1,0.9
176,176,2,122,0.1,0.9
177,175,1,124,0.1,0.9
178,173,2,125,0.1,0.9
179,173,1,126,0.1,0.9
180,176,2,122,0.1,0.9
181,182,1,117,0.1,0.9
182,179,3,118,0.1,0.9
183,170,5,125,0.1,0.9
184,172,6,122,0.1,0.9
185,174,3,123,0.1,0.9
186,172,4,124,0.1,0.9
187,178,2,120,0.1,0.9
188,179,1,120,0.1,0.9
189,181,1,118,0.1,0.9
190,178,0,122,0.1,0.9
191,179,3,118,0.1,0.9
192,178,0,122,0.1,0.9
193,178,0,122,0.1,0.9
194,179,0,121,0.1,0.9
195,180,1,119,0.1,0.9
196,172,2,126,0.1,0.9
197,181,2,117,0.1,0.9
198,181,1,118,0.1,0.9
199,174,3,123,0.1,0.9
200,183,4,113,0.1,0.9
201,182,0,118,0.1,0.9
202,177,0,123,0.1,0.9
203,176,1,123,0.1,0.9
204,172,3,125,0.1,0.9
205,181,1,118,0.1,0.9
206,178,2,120,0.1,0.9
207,181,3,116,0.1,0.9
208,176,3,121,0.1,0.9
209,176,1,123,0.1,0.9
210,181,1,118,0.1,0.9
211,178,0,122,0.1,0.9
212,174,1,125,0.1,0.9
213,174,2,124,0.1,0.9
214,177,2,121,0.1,0.9
215,171,3,126,0.1,0.9
216,177,4,119,0.1,0.9
217,180,1,119,0.1,0.9
218,184,0,116,0.1,0.9
219,183,1,116,0.1,0.9
220,185,2,113,0.1,0.9
221,179,2,119,0.1,0.9
222,178,3,119,0.1,0.9
223,175,3,122,0.1,0.9
224,177,1,122,0.1,0.9
225,180,1,119,0.1,0.9
226,177,1,122,0.1,0.9
227,178,4,118,0.1,0.9
228,180,3,117,0.1,0.9
229,180,3,117,0.1,0.9
230,178,1,121,0.1,0.9
231,171,4,125,0.1,0.9
232,173,4,123,0.1,0.9
233,175,3,122,0.1,0.9
234,181,4,115,0.1,0.9
235,175,2,123,0.1,0.9
236,172,3,125,0.1,0.9
237,167,8,125,0.1,0.9
238,166,6,128,0.1,0.9
239,166,5,129,0.1,0.9
240,171,5,124,0.1,0.9
241,171,2,127,0.1,0.9
242,175,2,123,0.1,0.9
243,184,1,115,0.1,0.9
244,178,0,122,0.1,0.9
245,173,2,125,0.1,0.9
246,178,2,120,0.1,0.9
247,179,4,117,0.1,0.9
248,171,5,124,0.1,0.9
249,177,3,120,0.1,0.9
250,179,1,120,0.1,0.9
251,174,1,125,0.1,0.9
252,177,1,122,0.1,0.9
253,177,1,122,0.1,0.9
254,180,1,119,0.1,0.9
255,176,3,121,0.1,0.9
256,181,2,117,0.1,0.9
257,175,3,122,0.1,0.9
258,176,2,122,0.1,0.9
259,178,2,120,0.1,0.9
260,171,4,125,0.1,0.9
261,178,1,121,0.1,0.9
262,188,2,110,0.1,0.9
263,182,4,114,0.1,0.9
264,178,5,117,0.1,0.9
265,178,2,120,0.1,0.9
266,180,2,118,0.1,0.9
267,182,3,115,0.1,0.9
268,174,2,124,0.1,0.9
269,174,1,125,0.1,0.9
270,172,5,123,0.1,0.9
271,179,5,116,0.1,0.9
272,173,7,120,0.1,0.9
273,176,3,121,0.1,0.9
274,177,3,120,0.1,0.9
275,170,1,129,0.1,0.9
276,173,3,124,0.1,0.9
277,177,3,120,0.1,0.9
278,179,4,117,0.1,0.9
279,182,3,115,0.1,0.9
280,181,1,118,0.1,0.9
281,174,1,125,0.1,0.9
282,170,1,129,0.1,0.9
283,170,2,128,0.1,0.9
284,166,4,130,0.1,0.9
285,179,0,121,0.1,0.9
286,179,2,119,0.1,0.9
287,177,2,121,0.1,0.9
288,173,3,124,0.1,0.9
289,171,3,126,0.1,0.9
290,179,2,119,0.1,0.9
291,180,3,117,0.1,0.9
292,183,2,115,0.1,0.9
293,175,2,123,0.1,0.9
294,171,6,123,0.1,0.9
295,181,4,115,0.1,0.9
296,177,4,119,0.1,0.9
297,174,4,122,0.1,0.9
298,180,1,119,0.1,0.9
299,177,0,123,0.1,0.9
300,178,2,120,0.1,0.9
1,201,17,82,0.2,0.8
2,201,17,82,0.2,0.8
3,189,14,97,0.2,0.8
4,198,7,95,0.2,0.8
5,199,13,88,0.2,0.8
6,194,16,90,0.2,0.8
7,192,11,97,0.2,0.8
8,190,11,99,0.2,0.8
9,193,11,96,0.2,0.8
10,189,6,105,0.2,0.8
11,193,9,98,0.2,0.8
12,194,7,99,0.2,0.8
13,189,8,103,0.2,0.8
14,187,9,104,0.2,0.8
15,181,16,103,0.2,0.8
16,194,15,91,0.2,0.8
17,199,15,86,0.2,0.8
18,204,14,82,0.2,0.8
19,194,8,98,0.2,0.8
20,199,9,92,0.2,0.8
21,184,8,108,0.2,0.8
22,181,15,104,0.2,0.8
23,181,14,105,0.2,0.8
24,185,13,102,0.2,0.8
25,183,16,101,0.2,0.8
26,185,21,94,0.2,0.8
27,200,10,90,0.2,0.8
28,196,8,96,0.2,0.8
29,192,10,98,0.2,0.8
30,191,11,98,0.2,0.8
31,190,9,101,0.2,0.8
32,186,15,99,0.2,0.8
33,193,10,97,0.2,0.8
34,194,8,98,0.2,0.8
35,188,10,102,0.2,0.8
36,180,12,108,0.2,0.8
37,184,16,100,0.2,0.8
38,199,9,92,0.2,0.8
39,193,11,96,0.2,0.8
40,193,13,94,0.2,0.8
41,196,15,89,0.2,0.8
42,211,12,77,0.2,0.8
43,185,14,101,0.2,0.8
44,194,11,95,0.2,0.8
45,181,15,104,0.2,0.8
46,186,12,102,0.2,0.8
47,182,15,103,0.2,0.8
48,181,19,100,0.2,0.8
49,186,19,95,0.2,0.8
50,183,20,97,0.2,0.8
51,202,12,86,0.2,0.8
52,193,9,98,0.2,0.8
53,187,10,103,0.2,0.8
54,188,10,102,0.2,0.8
55,187,12,101,0.2,0.8
56,184,13,103,0.2,0.8
57,189,10,101,0.2,0.8
58,193,13,94,0.2,0.8
59,185,9,106,0.2,0.8
60,187,7,106,0.2,0.8
61,191,9,100,0.2,0.8
62,190,9,101,0.2,0.8
63,183,12,105,0.2,0.8
64,196,13,91,0.2,0.8
65,191,7,102,0.2,0.8
66,188,10,102,0.2,0.8
67,182,10,108,0.2,0.8
68,189,8,103,0.2,0.8
69,192,12,96,0.2,0.8
70,192,7,101,0.2,0.8
71,193,6,101,0.2,0.8
72,193,8,99,0.2,0.8
73,196,6,98,0.2,0.8
74,190,6,104,0.2,0.8
75,192,10,98,0.2,0.8
76,189,12,99,0.2,0.8
77,182,17,101,0.2,0.8
78,185,14,101,0.2,0.8
79,192,14,94,0.2,0.8
80,193,14,93,0.2,0.8
81,196,13,91,0.2,0.8
82,191,10,99,0.2,0.8
83,187,9,104,0.2,0.8
84,183,11,106,0.2,0.8
85,193,14,93,0.2,0.8
86,196,11,93,0.2,0.8
87,188,11,101,0.2,0.8
88,188,12,100,0.2,0.8
89,193,10,97,0.2,0.8
90,186,12,102,0.2,0.8
91,184,13,103,0.2,0.8
92,183,8,109,0.2,0.8
93,193,4,103,0.2,0.8
94,187,6,107,0.2,0.8
95,190,8,102,0.2,0.8
96,199,4,97,0.2,0.8
97,192,12,96,0.2,0.8
98,192,7,101,0.2,0.8
99,182,14,104,0.2,0.8
100,189,11,100,0.2,0.8
101,191,12,97,0.2,0.8
102,185,16,99,0.2,0.8
103,185,11,104,0.2,0.8
104,189,9,102,0.2,0.8
105,191,6,103,0.2,0.8
106,185,10,105,0.2,0.8
107,189,10,101,0.2,0.8
108,191,14,95,0.2,0.8
109,194,12,94,0.2,0.8
110,191,15,94,0.2,0.8
111,197,8,95,0.2,0.8
112,188,7,105,0.2,0.8
113,194,4,102,0.2,0.8
114,184,9,107,0.2,0.8
115,191,6,103,0.2,0.8
116,185,5,110,0.2,0.8
117,194,5,101,0.2,0.8
118,189,5,106,0.2,0.8
119,189,5,106,0.2,0.8
120,187,12,101,0.2,0.8
121,191,10,99,0.2,0.8
122,191,9,100,0.2,0.8
123,180,12,108,0.2,0.8
124,185,12,103,0.2,0.8
125,180,17,103,0.2,0.8
126,193,16,91,0.2,0.8
127,191,18,91,0.2,0.8
128,196,10,94,0.2,0.8
129,193,9,98,0.2,0.8
130,195,8,97,0.2,0.8
131,203,2,95,0.2,0.8
132,201,5,94,0.2,0.8
133,193,18,89,0.2,0.8
134,190,15,95,0.2,0.8
135,190,8,102,0.2,0.8
136,187,8,105,0.2,0.8
137,181,10,109,0.2,0.8
138,191,7,102,0.2,0.8
139,187,9,104,0.2,0.8
140,178,13,109,0.2,0.8
141,180,12,108,0.2,0.8
142,188,12,100,0.2,0.8
143,187,16,97,0.2,0.8
144,188,10,102,0.2,0.8
145,193,8,99,0.2,0.8
146,189,12,99,0.2,0.8
147,188,8,104,0.2,0.8
148,193,4,103,0.2,0.8
149,187,4,109,0.2,0.8
150,188,1,111,0.2,0.8
151,189,6,105,0.2,0.8
152,187,7,106,0.2,0.8
153,184,15,101,0.2,0.8
154,185,12,103,0.2,0.8
155,196,12,92,0.2,0.8
156,181,19,100,0.2,0.8
157,197,19,84,0.2,0.8
158,193,14,93,0.2,0.8
159,188,16,96,0.2,0.8
160,187,9,104,0.2,0.8
161,191,7,102,0.2,0.8
162,195,7,98,0.2,0.8
163,194,13,93,0.2,0.8
164,186,18,96,0.2,0.8
165,184,17,99,0.2,0.8
166,193,13,94,0.2,0.8
167,202,6,92,0.2,0.8
168,191,8,101,0.2,0.8
169,187,9,104,0.2,0.8
170,181,16,103,0.2,0.8
171,179,17,104,0.2,0.8
172,196,13,91,0.2,0.8
173,193,11,96,0.2,0.8
174,189,12,99,0.2,0.8
175,183,15,102,0.2,0.8
176,186,16,98,0.2,0.8
177,186,15,99,0.2,0.8
178,190,11,99,0.2,0.8
179,193,19,88,0.2,0.8
180,189,6,105,0.2,0.8
181,193,7,100,0.2,0.8
182,197,8,95,0.2,0.8
183,198,10,92,0.2,0.8
184,191,8,101,0.2,0.8
185,186,9,105,0.2,0.8
186,186,12,102,0.2,0.8
187,189,9,102,0.2,0.8
188,195,9,96,0.2,0.8
189,195,7,98,0.2,0.8
190,189,7,104,0.2,0.8
191,190,4,106,0.2,0.8
192,197,9,94,0.2,0.8
193,195,10,95,0.2,0.8
194,195,9,96,0.2,0.8
195,200,7,93,0.2,0.8
196,195,5,100,0.2,0.8
197,191,6,103,0.2,0.8
198,190,11,99,0.2,0.8
199,193,11,96,0.2,0.8
200,195,12,93,0.2,0.8
201,198,6,96,0.2,0.8
202,190,10,100,0.2,0.8
203,199,6,95,0.2,0.8
204,192,7,101,0.2,0.8
205,190,5,105,0.2,0.8
206,193,11,96,0.2,0.8
207,189,9,102,0.2,0.8
208,187,12,101,0.2,0.8
209,193,11,96,0.2,0.8
210,189,13,98,0.2,0.8
211,185,14,101,0.2,0.8
212,187,13,100,0.2,0.8
213,199,10,91,0.2,0.8
214,201,10,89,0.2,0.8
215,199,10,91,0.2,0.8
216,189,13,98,0.2,0.8
217,191,9,100,0.2,0.8
218,196,8,96,0.2,0.8
219,193,12,95,0.2,0.8
220,195,11,94,0.2,0.8
221,197,11,92,0.2,0.8
222,197,13,90,0.2,0.8
223,191,12,97,0.2,0.8
224,189,10,101,0.2,0.8
225,193,7,100,0.2,0.8
226,185,11,104,0.2,0.8
227,193,8,99,0.2,0.8
228,188,6,106,0.2,0.8
229,181,10,109,0.2,0.8
230,181,13,106,0.2,0.8
231,184,9,107,0.2,0.8
232,191,9,100,0.2,0.8
233,188,10,102,0.2,0.8
234,195,4,101,0.2,0.8
235,194,4,102,0.2,0.8
236,195,8,97,0.2,0.8
237,187,8,105,0.2,0.8
238,180,12,108,0.2,0.8
239,190,7,103,0.2,0.8
240,183,9,108,0.2,0.8
241,188,6,106,0.2,0.8
242,187,8,105,0.2,0.8
243,186,14,100,0.2,0.8
244,196,17,87,0.2,0.8
245,190,15,95,0.2,0.8
246,186,13,101,0.2,0.8
247,188,16,96,0.2,0.8
248,194,16,90,0.2,0.8
249,197,16,87,0.2,0.8
250,191,17,92,0.2,0.8
251,187,20,93,0.2,0.8
252,191,21,88,0.2,0.8
253,186,18,96,0.2,0.8
254,198,14,88,0.2,0.8
255,201,8,91,0.2,0.8
256,194,10,96,0.2,0.8
257,191,13,96,0.2,0.8
258,187,19,94,0.2,0.8
259,192,17,91,0.2,0.8
260,185,17,98,0.2,0.8
261,197,9,94,0.2,0.8
262,182,16,102,0.2,0.8
263,188,9,103,0.2,0.8
264,191,10,99,0.2,0.8
265,187,12,101,0.2,0.8
266,192,6,102,0.2,0.8
267,190,4,106,0.2,0.8
268,187,7,106,0.2,0.8
269,192,9,99,0.2,0.8
270,201,4,95,0.2,0.8
271,198,4,98,0.2,0.8
272,190,10,100,0.2,0.8
273,194,11,95,0.2,0.8
274,190,8,102,0.2,0.8
275,200,8,92,0.2,0.8
276,192,13,95,0.2,0.8
277,189,12,99,0.2,0.8
278,198,6,96,0.2,0.8
279,189,11,100,0.2,0.8
280,187,9,104,0.2,0.8
281,198,12,90,0.2,0.8
282,189,12,99,0.2,0.8
283,183,10,107,0.2,0.8
284,190,10,100,0.2,0.8
285,188,14,98,0.2,0.8
286,186,6,108,0.2,0.8
287,183,5,112,0.2,0.8
288,186,9,105,0.2,0.8
289,184,8,108,0.2,0.8
290,186,5,109,0.2,0.8
291,190,5,105,0.2,0.8
292,192,7,101,0.2,0.8
293,197,12,91,0.2,0.8
294,188,18,94,0.2,0.8
295,193,12,95,0.2,0.8
296,194,8,98,0.2,0.8
297,188,13,99,0.2,0.8
298,193,12,95,0.2,0.8
299,196,10,94,0.2,0.8
300,180,16,104,0.2,0.8
1,199,25,76,0.3,0.7
2,202,28,70,0.3,0.7
3,204,26,70,0.3,0.7
4,195,33,72,0.3,0.7
5,192,38,70,0.3,0.7
6,190,46,64,0.3,0.7
7,192,45,63,0.3,0.7
8,193,41,66,0.3,0.7
9,194,39,67,0.3,0.7
10,190,34,76,0.3,0.7
11,194,34,72,0.3,0.7
12,203,30,67,0.3,0.7
13,221,20,59,0.3,0.7
14,192,29,79,0.3,0.7
15,200,29,71,0.3,0.7
16,192,30,78,0.3,0.7
17,186,34,80,0.3,0.7
18,194,26,80,0.3,0.7
19,194,26,80,0.3,0.7
20,198,36,66,0.3,0.7
21,192,36,72,0.3,0.7
22,188,40,72,0.3,0.7
23,185,45,70,0.3,0.7
24,188,40,72,0.3,0.7
25,197,32,71,0.3,0.7
26,204,29,67,0.3,0.7
27,188,37,75,0.3,0.7
28,194,36,70,0.3,0.7
29,201,32,67,0.3,0.7
30,190,40,70,0.3,0.7
31,193,43,64,0.3,0.7
32,186,56,58,0.3,0.7
33,190,56,54,0.3,0.7
34,195,57,48,0.3,0.7
35,188,50,62,0.3,0.7
36,181,52,67,0.3,0.7
37,189,57,54,0.3,0.7
38,189,52,59,0.3,0.7
39,190,52,58,0.3,0.7
40,190,50,60,0.3,0.7
41,190,43,67,0.3,0.7
42,191,41,68,0.3,0.7
43,188,38,74,0.3,0.7
44,191,40,69,0.3,0.7
45,181,43,76,0.3,0.7
46,200,35,65,0.3,0.7
47,191,38,71,0.3,0.7
48,192,36,72,0.3,0.7
49,192,33,75,0.3,0.7
50,196,25,79,0.3,0.7
51,204,27,69,0.3,0.7
52,190,31,79,0.3,0.7
53,190,34,76,0.3,0.7
54,194,25,81,0.3,0.7
55,191,31,78,0.3,0.7
56,200,23,77,0.3,0.7
57,196,29,75,0.3,0.7
58,182,34,84,0.3,0.7
59,196,35,69,0.3,0.7
60,199,42,59,0.3,0.7
61,204,30,66,0.3,0.7
62,194,34,72,0.3,0.7
63,193,33,74,0.3,0.7
64,202,38,60,0.3,0.7
65,206,27,67,0.3,0.7
66,193,33,74,0.3,0.7
67,195,32,73,0.3,0.7
68,189,34,77,0.3,0.7
69,200,30,70,0.3,0.7
70,188,36,76,0.3,0.7
71,192,42,66,0.3,0.7
72,194,38,68,0.3,0.7
73,195,34,71,0.3,0.7
74,188,34,78,0.3,0.7
75,186,26,88,0.3,0.7
76,186,31,83,0.3,0.7
77,192,33,75,0.3,0.7
78,194,32,74,0.3,0.7
79,190,35,75,0.3,0.7
80,185,40,75,0.3,0.7
81,191,39,70,0.3,0.7
82,190,35,75,0.3,0.7
83,196,34,70,0.3,0.7
84,198,30,72,0.3,0.7
85,197,30,73,0.3,0.7
86,194,39,67,0.3,0.7
87,186,44,70,0.3,0.7
88,202,35,63,0.3,0.7
89,199,37,64,0.3,0.7
90,195,37,68,0.3,0.7
91,185,46,69,0.3,0.7
92,192,44,64,0.3,0.7
93,191,39,70,0.3,0.7
94,210,35,55,0.3,0.7
95,190,42,68,0.3,0.7
96,188,47,65,0.3,0.7
97,186,50,64,0.3,0.7
98,187,53,60,0.3,0.7
99,186,51,63,0.3,0.7
100,191,48,61,0.3,0.7
101,184,45,71,0.3,0.7
102,187,40,73,0.3,0.7
103,192,41,67,0.3,0.7
104,188,45,67,0.3,0.7
105,193,41,66,0.3,0.7
106,200,40,60,0.3,0.7
107,196,34,70,0.3,0.7
108,192,34,74,0.3,0.7
109,202,30,68,0.3,0.7
110,202,23,75,0.3,0.7
111,203,20,77,0.3,0.7
112,205,24,71,0.3,0.7
113,191,34,75,0.3,0.7
114,192,34,74,0.3,0.7
115,197,33,70,0.3,0.7
116,192,43,65,0.3,0.7
117,189,45,66,0.3,0.7
118,191,43,66,0.3,0.7
119,200,35,65,0.3,0.7
120,202,35,63,0.3,0.7
121,195,43,62,0.3,0.7
122,197,44,59,0.3,0.7
123,187,46,67,0.3,0.7
124,191,43,66,0.3,0.7
125,187,47,66,0.3,0.7
126,188,46,66,0.3,0.7
127,196,45,59,0.3,0.7
128,179,51,70,0.3,0.7
129,193,44,63,0.3,0.7
130,187,56,57,0.3,0.7
131,199,35,66,0.3,0.7
132,193,36,71,0.3,0.7
133,196,31,73,0.3,0.7
134,189,37,74,0.3,0.7
135,184,46,70,0.3,0.7
136,185,41,74,0.3,0.7
137,188,36,76,0.3,0.7
138,198,37,65,0.3,0.7
139,208,24,68,0.3,0.7
140,202,26,72,0.3,0.7
141,204,24,72,0.3,0.7
142,195,30,75,0.3,0.7
143,201,26,73,0.3,0.7
144,191,26,83,0.3,0.7
145,195,25,80,0.3,0.7
146,199,21,80,0.3,0.7
147,199,23,78,0.3,0.7
148,190,23,87,0.3,0.7
149,205,24,71,0.3,0.7
150,210,29,61,0.3,0.7
151,200,30,70,0.3,0.7
152,199,21,80,0.3,0.7
153,194,21,85,0.3,0.7
154,188,26,86,0.3,0.7
155,196,35,69,0.3,0.7
156,188,38,74,0.3,0.7
157,198,30,72,0.3,0.7
158,198,35,67,0.3,0.7
159,205,29,66,0.3,0.7
160,183,42,75,0.3,0.7
161,189,45,66,0.3,0.7
162,186,48,66,0.3,0.7
163,182,50,68,0.3,0.7
164,188,47,65,0.3,0.7
165,189,45,66,0.3,0.7
166,196,38,66,0.3,0.7
167,195,35,70,0.3,0.7
168,186,40,74,0.3,0.7
169,190,44,66,0.3,0.7
170,187,50,63,0.3,0.7
171,191,48,61,0.3,0.7
172,180,55,65,0.3,0.7
173,182,55,63,0.3,0.7
174,191,41,68,0.3,0.7
175,187,42,71,0.3,0.7
176,183,44,73,0.3,0.7
177,181,51,68,0.3,0.7
178,183,47,70,0.3,0.7
179,192,48,60,0.3,0.7
180,184,44,72,0.3,0.7
181,193,36,71,0.3,0.7
182,182,42,76,0.3,0.7
183,177,43,80,0.3,0.7
184,180,42,78,0.3,0.7
185,180,47,73,0.3,0.7
186,194,43,63,0.3,0.7
187,189,49,62,0.3,0.7
188,192,45,63,0.3,0.7
189,188,45,67,0.3,0.7
190,199,40,61,0.3,0.7
191,196,36,68,0.3,0.7
192,200,29,71,0.3,0.7
193,192,30,78,0.3,0.7
194,194,26,80,0.3,0.7
195,197,34,69,0.3,0.7
196,202,31,67,0.3,0.7
197,180,45,75,0.3,0.7
198,183,45,72,0.3,0.7
199,211,26,63,0.3,0.7
200,197,34,69,0.3,0.7
201,198,32,70,0.3,0.7
202,198,30,72,0.3,0.7
203,202,31,67,0.3,0.7
204,198,26,76,0.3,0.7
205,197,28,75,0.3,0.7
206,208,27,65,0.3,0.7
207,193,35,72,0.3,0.7
208,201,33,66,0.3,0.7
209,195,26,79,0.3,0.7
210,197,25,78,0.3,0.7
211,203,23,74,0.3,0.7
212,199,19,82,0.3,0.7
213,193,24,83,0.3,0.7
214,195,30,75,0.3,0.7
215,200,32,68,0.3,0.7
216,204,35,61,0.3,0.7
217,182,37,81,0.3,0.7
218,199,31,70,0.3,0.7
219,191,33,76,0.3,0.7
220,200,38,62,0.3,0.7
221,208,37,55,0.3,0.7
222,200,36,64,0.3,0.7
223,202,34,64,0.3,0.7
224,190,36,74,0.3,0.7
225,194,29,77,0.3,0.7
226,196,29,75,0.3,0.7
227,191,40,69,0.3,0.7
228,193,38,69,0.3,0.7
229,195,31,74,0.3,0.7
230,191,31,78,0.3,0.7
231,205,32,63,0.3,0.7
232,201,33,66,0.3,0.7
233,214,27,59,0.3,0.7
234,188,39,73,0.3,0.7
235,189,44,67,0.3,0.7
236,196,42,62,0.3,0.7
237,189,32,79,0.3,0.7
238,197,27,76,0.3,0.7
239,201,24,75,0.3,0.7
240,202,21,77,0.3,0.7
241,201,24,75,0.3,0.7
242,196,25,79,0.3,0.7
243,199,25,76,0.3,0.7
244,185,34,81,0.3,0.7
245,197,31,72,0.3,0.7
246,191,36,73,0.3,0.7
247,197,37,66,0.3,0.7
248,200,44,56,0.3,0.7
249,208,31,61,0.3,0.7
250,195,32,73,0.3,0.7
251,203,24,73,0.3,0.7
252,195,30,75,0.3,0.7
253,193,33,74,0.3,0.7
254,193,42,65,0.3,0.7
255,194,41,65,0.3,0.7
256,189,49,62,0.3,0.7
257,198,44,58,0.3,0.7
258,189,47,64,0.3,0.7
259,195,34,71,0.3,0.7
260,198,25,77,0.3,0.7
261,203,19,78,0.3,0.7
262,200,20,80,0.3,0.7
263,188,27,85,0.3,0.7
264,204,27,69,0.3,0.7
265,197,31,72,0.3,0.7
266,199,34,67,0.3,0.7
267,194,31,75,0.3,0.7
268,196,35,69,0.3,0.7
269,186,40,74,0.3,0.7
270,194,33,73,0.3,0.7
271,209,25,66,0.3,0.7
272,198,27,75,0.3,0.7
273,195,33,72,0.3,0.7
274,204,27,69,0.3,0.7
275,205,24,71,0.3,0.7
276,195,20,85,0.3,0.7
277,189,22,89,0.3,0.7
278,197,18,85,0.3,0.7
279,194,31,75,0.3,0.7
280,191,30,79,0.3,0.7
281,187,37,76,0.3,0.7
282,195,36,69,0.3,0.7
283,191,25,84,0.3,0.7
284,200,19,81,0.3,0.7
285,199,21,80,0.3,0.7
286,201,25,74,0.3,0.7
287,195,28,77,0.3,0.7
288,189,36,75,0.3,0.7
289,194,38,68,0.3,0.7
290,192,44,64,0.3,0.7
291,207,30,63,0.3,0.7
292,204,26,70,0.3,0.7
293,204,27,69,0.3,0.7
294,210,19,71,0.3,0.7
295,196,20,84,0.3,0.7
296,198,27,75,0.3,0.7
297,192,31,77,0.3,0.7
298,197,33,70,0.3,0.7
299,211,33,56,0.3,0.7
300,198,37,65,0.3,0.7
1,216,32,52,0.4,0.6
2,193,48,59,0.4,0.6
3,189,57,54,0.4,0.6
4,194,55,51,0.4,0.6
5,190,59,51,0.4,0.6
6,184,75,41,0.4,0.6
7,192,63,45,0.4,0.6
8,194,63,43,0.4,0.6
9,196,67,37,0.4,0.6
10,193,59,48,0.4,0.6
11,187,64,49,0.4,0.6
12,177,75,48,0.4,0.6
13,169,97,34,0.4,0.6
14,172,89,39,0.4,0.6
15,178,96,26,0.4,0.6
16,167,103,30,0.4,0.6
17,172,99,29,0.4,0.6
18,169,99,32,0.4,0.6
19,166,106,28,0.4,0.6
20,154,121,25,0.4,0.6
21,137,135,28,0.4,0.6
22,126,142,32,0.4,0.6
23,132,143,25,0.4,0.6
24,142,132,26,0.4,0.6
25,145,130,25,0.4,0.6
26,143,132,25,0.4,0.6
27,144,127,29,0.4,0.6
28,149,128,23,0.4,0.6
29,133,141,26,0.4,0.6
30,130,148,22,0.4,0.6
31,124,151,25,0.4,0.6
32,122,151,27,0.4,0.6
33,121,147,32,0.4,0.6
34,117,154,29,0.4,0.6
35,116,165,19,0.4,0.6
36,126,162,12,0.4,0.6
37,124,160,16,0.4,0.6
38,122,157,21,0.4,0.6
39,129,147,24,0.4,0.6
40,130,147,23,0.4,0.6
41,125,153,22,0.4,0.6
42,121,154,25,0.4,0.6
43,126,151,23,0.4,0.6
44,130,148,22,0.4,0.6
45,142,139,19,0.4,0.6
46,117,159,24,0.4,0.6
47,129,150,21,0.4,0.6
48,104,167,29,0.4,0.6
49,114,164,22,0.4,0.6
50,111,175,14,0.4,0.6
51,121,165,14,0.4,0.6
52,116,161,23,0.4,0.6
53,117,163,20,0.4,0.6
54,122,160,18,0.4,0.6
55,125,145,30,0.4,0.6
56,122,158,20,0.4,0.6
57,117,165,18,0.4,0.6
58,105,172,23,0.4,0.6
59,110,164,26,0.4,0.6
60,124,158,18,0.4,0.6
61,110,173,17,0.4,0.6
62,113,172,15,0.4,0.6
63,115,172,13,0.4,0.6
64,117,168,15,0.4,0.6
65,125,157,18,0.4,0.6
66,120,161,19,0.4,0.6
67,117,166,17,0.4,0.6
68,120,162,18,0.4,0.6
69,111,172,17,0.4,0.6
70,113,174,13,0.4,0.6
71,107,174,19,0.4,0.6
72,113,168,19,0.4,0.6
73,112,165,23,0.4,0.6
74,115,161,24,0.4,0.6
75,113,171,16,0.4,0.6
76,113,174,13,0.4,0.6
77,109,177,14,0.4,0.6
78,105,174,21,0.4,0.6
79,105,174,21,0.4,0.6
80,108,173,19,0.4,0.6
81,111,174,15,0.4,0.6
82,113,159,28,0.4,0.6
83,122,152,26,0.4,0.6
84,126,154,20,0.4,0.6
85,119,165,16,0.4,0.6
86,127,152,21,0.4,0.6
87,126,158,16,0.4,0.6
88,126,157,17,0.4,0.6
89,134,144,22,0.4,0.6
90,129,145,26,0.4,0.6
91,129,145,26,0.4,0.6
92,139,140,21,0.4,0.6
93,141,141,18,0.4,0.6
94,140,137,23,0.4,0.6
95,150,125,25,0.4,0.6
96,147,124,29,0.4,0.6
97,148,128,24,0.4,0.6
98,149,122,29,0.4,0.6
99,153,126,21,0.4,0.6
100,136,134,30,0.4,0.6
101,146,126,28,0.4,0.6
102,147,123,30,0.4,0.6
103,152,114,34,0.4,0.6
104,142,118,40,0.4,0.6
105,150,117,33,0.4,0.6
106,135,131,34,0.4,0.6
107,144,129,27,0.4,0.6
108,148,128,24,0.4,0.6
109,153,118,29,0.4,0.6
110,150,121,29,0.4,0.6
111,149,121,30,0.4,0.6
112,156,114,30,0.4,0.6
113,160,110,30,0.4,0.6
114,162,111,27,0.4,0.6
115,146,124,30,0.4,0.6
116,154,112,34,0.4,0.6
117,163,106,31,0.4,0.6
118,157,113,30,0.4,0.6
119,154,112,34,0.4,0.6
120,152,115,33,0.4,0.6
121,148,113,39,0.4,0.6
122,152,111,37,0.4,0.6
123,163,103,34,0.4,0.6
124,167,94,39,0.4,0.6
125,158,103,39,0.4,0.6
126,163,105,32,0.4,0.6
127,159,108,33,0.4,0.6
128,155,113,32,0.4,0.6
129,145,121,34,0.4,0.6
130,144,130,26,0.4,0.6
131,150,132,18,0.4,0.6
132,141,139,20,0.4,0.6
133,139,140,21,0.4,0.6
134,135,141,24,0.4,0.6
135,134,140,26,0.4,0.6
136,146,133,21,0.4,0.6
137,133,140,27,0.4,0.6
138,142,132,26,0.4,0.6
139,133,135,32,0.4,0.6
140,133,135,32,0.4,0.6
141,137,142,21,0.4,0.6
142,137,134,29,0.4,0.6
143,133,139,28,0.4,0.6
144,127,139,34,0.4,0.6
145,131,139,30,0.4,0.6
146,136,141,23,0.4,0.6
147,128,139,33,0.4,0.6
148,121,147,32,0.4,0.6
149,123,145,32,0.4,0.6
150,131,145,24,0.4,0.6
151,130,146,24,0.4,0.6
152,129,143,28,0.4,0.6
153,127,145,28,0.4,0.6
154,132,143,25,0.4,0.6
155,123,150,27,0.4,0.6
156,127,152,21,0.4,0.6
157,124,149,27,0.4,0.6
158,135,144,21,0.4,0.6
159,131,144,25,0.4,0.6
160,140,135,25,0.4,0.6
161,139,140,21,0.4,0.6
162,131,142,27,0.4,0.6
163,128,149,23,0.4,0.6
164,131,146,23,0.4,0.6
165,129,145,26,0.4,0.6
166,126,147,27,0.4,0.6
167,137,137,26,0.4,0.6
168,129,142,29,0.4,0.6
169,133,141,26,0.4,0.6
170,135,141,24,0.4,0.6
171,146,132,22,0.4,0.6
172,140,133,27,0.4,0.6
173,146,128,26,0.4,0.6
174,149,123,28,0.4,0.6
175,158,114,28,0.4,0.6
176,143,124,33,0.4,0.6
177,143,124,33,0.4,0.6
178,139,122,39,0.4,0.6
179,139,130,31,0.4,0.6
180,142,126,32,0.4,0.6
181,128,136,36,0.4,0.6
182,133,139,28,0.4,0.6
183,127,145,28,0.4,0.6
184,138,136,26,0.4,0.6
185,124,144,32,0.4,0.6
186,128,146,26,0.4,0.6
187,147,132,21,0.4,0.6
188,145,132,23,0.4,0.6
189,142,132,26,0.4,0.6
190,139,132,29,0.4,0.6
191,139,130,31,0.4,0.6
192,155,119,26,0.4,0.6
193,152,119,29,0.4,0.6
194,156,116,28,0.4,0.6
195,146,124,30,0.4,0.6
196,142,127,31,0.4,0.6
197,132,141,27,0.4,0.6
198,133,141,26,0.4,0.6
199,146,136,18,0.4,0.6
200,130,148,22,0.4,0.6
201,138,150,12,0.4,0.6
202,142,146,12,0.4,0.6
203,138,144,18,0.4,0.6
204,140,142,18,0.4,0.6
205,129,152,19,0.4,0.6
206,127,155,18,0.4,0.6
207,137,149,14,0.4,0.6
208,138,140,22,0.4,0.6
209,135,138,27,0.4,0.6
210,137,138,25,0.4,0.6
211,130,141,29,0.4,0.6
212,128,144,28,0.4,0.6
213,129,146,25,0.4,0.6
214,128,135,37,0.4,0.6
215,125,148,27,0.4,0.6
216,122,145,33,0.4,0.6
217,129,146,25,0.4,0.6
218,128,152,20,0.4,0.6
219,130,150,20,0.4,0.6
220,120,161,19,0.4,0.6
221,131,156,13,0.4,0.6
222,132,153,15,0.4,0.6
223,132,150,18,0.4,0.6
224,136,145,19,0.4,0.6
225,130,142,28,0.4,0.6
226,141,135,24,0.4,0.6
227,138,130,32,0.4,0.6
228,135,136,29,0.4,0.6
229,124,145,31,0.4,0.6
230,127,149,24,0.4,0.6
231,136,136,28,0.4,0.6
232,130,147,23,0.4,0.6
233,141,142,17,0.4,0.6
234,131,145,24,0.4,0.6
235,136,137,27,0.4,0.6
236,143,130,27,0.4,0.6
237,134,137,29,0.4,0.6
238,140,133,27,0.4,0.6
239,130,145,25,0.4,0.6
240,131,148,21,0.4,0.6
241,125,153,22,0.4,0.6
242,127,152,21,0.4,0.6
243,126,155,19,0.4,0.6
244,127,153,20,0.4,0.6
245,129,151,20,0.4,0.6
246,120,150,30,0.4,0.6
247,126,146,28,0.4,0.6
248,123,148,29,0.4,0.6
249,129,133,38,0.4,0.6
250,138,133,29,0.4,0.6
251,148,121,31,0.4,0.6
252,139,131,30,0.4,0.6
253,142,132,26,0.4,0.6
254,146,122,32,0.4,0.6
255,148,126,26,0.4,0.6
256,142,130,28,0.4,0.6
257,141,126,33,0.4,0.6
258,141,130,29,0.4,0.6
259,141,124,35,0.4,0.6
260,149,120,31,0.4,0.6
261,154,123,23,0.4,0.6
262,146,122,32,0.4,0.6
263,147,124,29,0.4,0.6
264,145,120,35,0.4,0.6
265,156,114,30,0.4,0.6
266,160,110,30,0.4,0.6
267,145,127,28,0.4,0.6
268,157,120,23,0.4,0.6
269,143,123,34,0.4,0.6
270,150,123,27,0.4,0.6
271,146,121,33,0.4,0.6
272,135,133,32,0.4,0.6
273,137,129,34,0.4,0.6
274,141,128,31,0.4,0.6
275,141,129,30,0.4,0.6
276,140,132,28,0.4,0.6
277,136,141,23,0.4,0.6
278,135,138,27,0.4,0.6
279,126,137,37,0.4,0.6
280,142,131,27,0.4,0.6
281,134,138,28,0.4,0.6
282,126,145,29,0.4,0.6
283,137,133,30,0.4,0.6
284,134,133,33,0.4,0.6
285,126,143,31,0.4,0.6
286,128,144,28,0.4,0.6
287,125,154,21,0.4,0.6
288,125,150,25,0.4,0.6
289,128,152,20,0.4,0.6
290,118,160,22,0.4,0.6
291,116,157,27,0.4,0.6
292,117,158,25,0.4,0.6
293,126,148,26,0.4,0.6
294,133,147,20,0.4,0.6
295,123,159,18,0.4,0.6
296,123,155,22,0.4,0.6
297,122,165,13,0.4,0.6
298,120,161,19,0.4,0.6
299,124,151,25,0.4,0.6
300,122,151,27,0.4,0.6
1,199,67,34,0.5,0.5
2,163,102,35,0.5,0.5
3,154,123,23,0.5,0.5
4,150,133,17,0.5,0.5
5,144,138,18,0.5,0.5
6,124,152,24,0.5,0.5
7,126,161,13,0.5,0.5
8,112,169,19,0.5,0.5
9,108,179,13,0.5,0.5
10,92,192,16,0.5,0.5
11,93,195,12,0.5,0.5
12,89,197,14,0.5,0.5
13,91,202,7,0.5,0.5
14,72,221,7,0.5,0.5
15,55,240,5,0.5,0.5
16,50,247,3,0.5,0.5
17,44,253,3,0.5,0.5
18,41,257,2,0.5,0.5
19,39,257,4,0.5,0.5
20,37,260,3,0.5,0.5
21,37,261,2,0.5,0.5
22,34,263,3,0.5,0.5
23,37,261,2,0.5,0.5
24,36,260,4,0.5,0.5
25,39,256,5,0.5,0.5
26,35,262,3,0.5,0.5
27,40,259,1,0.5,0.5
28,37,258,5,0.5,0.5
29,29,267,4,0.5,0.5
30,34,264,2,0.5,0.5
31,34,264,2,0.5,0.5
32,35,263,2,0.5,0.5
33,33,265,2,0.5,0.5
34,34,265,1,0.5,0.5
35,28,270,2,0.5,0.5
36,23,273,4,0.5,0.5
37,18,281,1,0.5,0.5
38,14,286,0,0.5,0.5
39,22,278,0,0.5,0.5
40,20,280,0,0.5,0.5
41,12,287,1,0.5,0.5
42,17,283,0,0.5,0.5
43,5,295,0,0.5,0.5
44,9,290,1,0.5,0.5
45,6,293,1,0.5,0.5
46,7,292,1,0.5,0.5
47,8,292,0,0.5,0.5
48,9,291,0,0.5,0.5
49,5,294,1,0.5,0.5
50,4,296,0,0.5,0.5
51,2,298,0,0.5,0.5
52,2,298,0,0.5,0.5
53,0,300,0,0.5,0.5
54,0,300,0,0.5,0.5
55,0,300,0,0.5,0.5
56,0,300,0,0.5,0.5
57,0,300,0,0.5,0.5
58,0,300,0,0.5,0.5
59,0,300,0,0.5,0.5
60,0,300,0,0.5,0.5
61,0,300,0,0.5,0.5
62,0,300,0,0.5,0.5
63,0,300,0,0.5,0.5
64,0,300,0,0.5,0.5
65,0,300,0,0.5,0.5
66,0,300,0,0.5,0.5
67,0,300,0,0.5,0.5
68,0,300,0,0.5,0.5
69,0,300,0,0.5,0.5
70,0,300,0,0.5,0.5
71,0,300,0,0.5,0.5
72,0,300,0,0.5,0.5
73,0,300,0,0.5,0.5
74,0,300,0,0.5,0.5
75,0,300,0,0.5,0.5
76,0,300,0,0.5,0.5
77,0,300,0,0.5,0.5
78,0,300,0,0.5,0.5
79,0,300,0,0.5,0.5
80,0,300,0,0.5,0.5
81,0,300,0,0.5,0.5
82,0,300,0,0.5,0.5
83,0,300,0,0.5,0.5
84,0,300,0,0.5,0.5
85,0,300,0,0.5,0.5
86,0,300,0,0.5,0.5
87,0,300,0,0.5,0.5
88,0,300,0,0.5,0.5
89,0,300,0,0.5,0.5
90,0,300,0,0.5,0.5
91,0,300,0,0.5,0.5
92,0,300,0,0.5,0.5
93,0,300,0,0.5,0.5
94,0,300,0,0.5,0.5
95,0,300,0,0.5,0.5
96,0,300,0,0.5,0.5
97,0,300,0,0.5,0.5
98,0,300,0,0.5,0.5
99,0,300,0,0.5,0.5
100,0,300,0,0.5,0.5
101,0,300,0,0.5,0.5
102,0,300,0,0.5,0.5
103,0,300,0,0.5,0.5
104,0,300,0,0.5,0.5
105,0,300,0,0.5,0.5
106,0,300,0,0.5,0.5
107,0,300,0,0.5,0.5
108,0,300,0,0.5,0.5
109,0,300,0,0.5,0.5
110,0,300,0,0.5,0.5
111,0,300,0,0.5,0.5
112,0,300,0,0.5,0.5
113,0,300,0,0.5,0.5
114,0,300,0,0.5,0.5
115,0,300,0,0.5,0.5
116,0,300,0,0.5,0.5
117,0,300,0,0.5,0.5
118,0,300,0,0.5,0.5
119,0,300,0,0.5,0.5
120,0,300,0,0.5,0.5
121,0,300,0,0.5,0.5
122,0,300,0,0.5,0.5
123,0,300,0,0.5,0.5
124,0,300,0,0.5,0.5
125,0,300,0,0.5,0.5
126,0,300,0,0.5,0.5
127,0,300,0,0.5,0.5
128,0,300,0,0.5,0.5
129,0,300,0,0.5,0.5
130,0,300,0,0.5,0.5
131,0,300,0,0.5,0.5
132,0,300,0,0.5,0.5
133,0,300,0,0.5,0.5
134,0,300,0,0.5,0.5
135,0,300,0,0.5,0.5
136,0,300,0,0.5,0.5
137,0,300,0,0.5,0.5
138,0,300,0,0.5,0.5
139,0,300,0,0.5,0.5
140,0,300,0,0.5,0.5
141,0,300,0,0.5,0.5
142,0,300,0,0.5,0.5
143,0,300,0,0.5,0.5
144,0,300,0,0.5,0.5
145,0,300,0,0.5,0.5
146,0,300,0,0.5,0.5
147,0,300,0,0.5,0.5
148,0,300,0,0.5,0.5
149,0,300,0,0.5,0.5
150,0,300,0,0.5,0.5
151,0,300,0,0.5,0.5
152,0,300,0,0.5,0.5
153,0,300,0,0.5,0.5
154,0,300,0,0.5,0.5
155,0,300,0,0.5,0.5
156,0,300,0,0.5,0.5
157,0,300,0,0.5,0.5
158,0,300,0,0.5,0.5
159,0,300,0,0.5,0.5
160,0,300,0,0.5,0.5
161,0,300,0,0.5,0.5
162,0,300,0,0.5,0.5
163,0,300,0,0.5,0.5
164,0,300,0,0.5,0.5
165,0,300,0,0.5,0.5
166,0,300,0,0.5,0.5
167,0,300,0,0.5,0.5
168,0,300,0,0.5,0.5
169,0,300,0,0.5,0.5
170,0,300,0,0.5,0.5
171,0,300,0,0.5,0.5
172,0,300,0,0.5,0.5
173,0,300,0,0.5,0.5
174,0,300,0,0.5,0.5
175,0,300,0,0.5,0.5
176,0,300,0,0.5,0.5
177,0,300,0,0.5,0.5
178,0,300,0,0.5,0.5
179,0,300,0,0.5,0.5
180,0,300,0,0.5,0.5
181,0,300,0,0.5,0.5
182,0,300,0,0.5,0.5
183,0,300,0,0.5,0.5
184,0,300,0,0.5,0.5
185,0,300,0,0.5,0.5
186,0,300,0,0.5,0.5
187,0,300,0,0.5,0.5
188,0,300,0,0.5,0.5
189,0,300,0,0.5,0.5
190,0,300,0,0.5,0.5
191,0,300,0,0.5,0.5
192,0,300,0,0.5,0.5
193,0,300,0,0.5,0.5
194,0,300,0,0.5,0.5
195,0,300,0,0.5,0.5
196,0,300,0,0.5,0.5
197,0,300,0,0.5,0.5
198,0,300,0,0.5,0.5
199,0,300,0,0.5,0.5
200,0,300,0,0.5,0.5
201,0,300,0,0.5,0.5
202,0,300,0,0.5,0.5
203,0,300,0,0.5,0.5
204,0,300,0,0.5,0.5
205,0,300,0,0.5,0.5
206,0,300,0,0.5,0.5
207,0,300,0,0.5,0.5
208,0,300,0,0.5,0.5
209,0,300,0,0.5,0.5
210,0,300,0,0.5,0.5
211,0,300,0,0.5,0.5
212,0,300,0,0.5,0.5
213,0,300,0,0.5,0.5
214,0,300,0,0.5,0.5
215,0,300,0,0.5,0.5
216,0,300,0,0.5,0.5
217,0,300,0,0.5,0.5
218,0,300,0,0.5,0.5
219,0,300,0,0.5,0.5
220,0,300,0,0.5,0.5
221,0,300,0,0.5,0.5
222,0,300,0,0.5,0.5
223,0,300,0,0.5,0.5
224,0,300,0,0.5,0.5
225,0,300,0,0.5,0.5
226,0,300,0,0.5,0.5
227,0,300,0,0.5,0.5
228,0,300,0,0.5,0.5
229,0,300,0,0.5,0.5
230,0,300,0,0.5,0.5
231,0,300,0,0.5,0.5
232,0,300,0,0.5,0.5
233,0,300,0,0.5,0.5
234,0,300,0,0.5,0.5
235,0,300,0,0.5,0.5
236,0,300,0,0.5,0.5
237,0,300,0,0.5,0.5
238,0,300,0,0.5,0.5
239,0,300,0,0.5,0.5
240,0,300,0,0.5,0.5
241,0,300,0,0.5,0.5
242,0,300,0,0.5,0.5
243,0,300,0,0.5,0.5
244,0,300,0,0.5,0.5
245,0,300,0,0.5,0.5
246,0,300,0,0.5,0.5
247,0,300,0,0.5,0.5
248,0,300,0,0.5,0.5
249,0,300,0,0.5,0.5
250,0,300,0,0.5,0.5
251,0,300,0,0.5,0.5
252,0,300,0,0.5,0.5
253,0,300,0,0.5,0.5
254,0,300,0,0.5,0.5
255,0,300,0,0.5,0.5
256,0,300,0,0.5,0.5
257,0,300,0,0.5,0.5
258,0,300,0,0.5,0.5
259,0,300,0,0.5,0.5
260,0,300,0,0.5,0.5
261,0,300,0,0.5,0.5
262,0,300,0,0.5,0.5
263,0,300,0,0.5,0.5
264,0,300,0,0.5,0.5
265,0,300,0,0.5,0.5
266,0,300,0,0.5,0.5
267,0,300,0,0.5,0.5
268,0,300,0,0.5,0.5
269,0,300,0,0.5,0.5
270,0,300,0,0.5,0.5
271,0,300,0,0.5,0.5
272,0,300,0,0.5,0.5
273,0,300,0,0.5,0.5
274,0,300,0,0.5,0.5
275,0,300,0,0.5,0.5
276,0,300,0,0.5,0.5
277,0,300,0,0.5,0.5
278,0,300,0,0.5,0.5
279,0,300,0,0.5,0.5
280,0,300,0,0.5,0.5
281,0,300,0,0.5,0.5
282,0,300,0,0.5,0.5
283,0,300,0,0.5,0.5
284,0,300,0,0.5,0.5
285,0,300,0,0.5,0.5
286,0,300,0,0.5,0.5
287,0,300,0,0.5,0.5
288,0,300,0,0.5,0.5
289,0,300,0,0.5,0.5
290,0,300,0,0.5,0.5
291,0,300,0,0.5,0.5
292,0,300,0,0.5,0.5
293,0,300,0,0.5,0.5
294,0,300,0,0.5,0.5
295,0,300,0,0.5,0.5
296,0,300,0,0.5,0.5
297,0,300,0,0.5,0.5
298,0,300,0,0.5,0.5
299,0,300,0,0.5,0.5
300,0,300,0,0.5,0.5
1,188,89,23,0.6,0.4
2,153,132,15,0.6,0.4
3,124,165,11,0.6,0.4
4,86,204,10,0.6,0.4
5,75,220,5,0.6,0.4
6,65,232,3,0.6,0.4
7,43,254,3,0.6,0.4
8,41,256,3,0.6,0.4
9,31,265,4,0.6,0.4
10,21,277,2,0.6,0.4
11,14,286,0,0.6,0.4
12,8,292,0,0.6,0.4
13,12,288,0,0.6,0.4
14,9,290,1,0.6,0.4
15,8,291,1,0.6,0.4
16,3,296,1,0.6,0.4
17,5,295,0,0.6,0.4
18,4,296,0,0.6,0.4
19,3,297,0,0.6,0.4
20,1,299,0,0.6,0.4
21,1,299,0,0.6,0.4
22,1,299,0,0.6,0.4
23,1,299,0,0.6,0.4
24,0,300,0,0.6,0.4
25,0,300,0,0.6,0.4
26,0,300,0,0.6,0.4
27,0,300,0,0.6,0.4
28,0,300,0,0.6,0.4
29,0,300,0,0.6,0.4
30,0,300,0,0.6,0.4
31,0,300,0,0.6,0.4
32,0,300,0,0.6,0.4
33,0,300,0,0.6,0.4
34,0,300,0,0.6,0.4
35,0,300,0,0.6,0.4
36,0,300,0,0.6,0.4
37,0,300,0,0.6,0.4
38,0,300,0,0.6,0.4
39,0,300,0,0.6,0.4
40,0,300,0,0.6,0.4
41,0,300,0,0.6,0.4
42,0,300,0,0.6,0.4
43,0,300,0,0.6,0.4
44,0,300,0,0.6,0.4
45,0,300,0,0.6,0.4
46,0,300,0,0.6,0.4
47,0,300,0,0.6,0.4
48,0,300,0,0.6,0.4
49,0,300,0,0.6,0.4
50,0,300,0,0.6,0.4
51,0,300,0,0.6,0.4
52,0,300,0,0.6,0.4
53,0,300,0,0.6,0.4
54,0,300,0,0.6,0.4
55,0,300,0,0.6,0.4
56,0,300,0,0.6,0.4
57,0,300,0,0.6,0.4
58,0,300,0,0.6,0.4
59,0,300,0,0.6,0.4
60,0,300,0,0.6,0.4
61,0,300,0,0.6,0.4
62,0,300,0,0.6,0.4
63,0,300,0,0.6,0.4
64,0,300,0,0.6,0.4
65,0,300,0,0.6,0.4
66,0,300,0,0.6,0.4
67,0,300,0,0.6,0.4
68,0,300,0,0.6,0.4
69,0,300,0,0.6,0.4
70,0,300,0,0.6,0.4
71,0,300,0,0.6,0.4
72,0,300,0,0.6,0.4
73,0,300,0,0.6,0.4
74,0,300,0,0.6,0.4
75,0,300,0,0.6,0.4
76,0,300,0,0.6,0.4
77,0,300,0,0.6,0.4
78,0,300,0,0.6,0.4
79,0,300,0,0.6,0.4
80,0,300,0,0.6,0.4
81,0,300,0,0.6,0.4
82,0,300,0,0.6,0.4
83,0,300,0,0.6,0.4
84,0,300,0,0.6,0.4
85,0,300,0,0.6,0.4
86,0,300,0,0.6,0.4
87,0,300,0,0.6,0.4
88,0,300,0,0.6,0.4
89,0,300,0,0.6,0.4
90,0,300,0,0.6,0.4
91,0,300,0,0.6,0.4
92,0,300,0,0.6,0.4
93,0,300,0,0.6,0.4
94,0,300,0,0.6,0.4
95,0,300,0,0.6,0.4
96,0,300,0,0.6,0.4
97,0,300,0,0.6,0.4
98,0,300,0,0.6,0.4
99,0,300,0,0.6,0.4
100,0,300,0,0.6,0.4
101,0,300,0,0.6,0.4
102,0,300,0,0.6,0.4
103,0,300,0,0.6,0.4
104,0,300,0,0.6,0.4
105,0,300,0,0.6,0.4
106,0,300,0,0.6,0.4
107,0,300,0,0.6,0.4
108,0,300,0,0.6,0.4
109,0,300,0,0.6,0.4
110,0,300,0,0.6,0.4
111,0,300,0,0.6,0.4
112,0,300,0,0.6,0.4
113,0,300,0,0.6,0.4
114,0,300,0,0.6,0.4
115,0,300,0,0.6,0.4
116,0,300,0,0.6,0.4
117,0,300,0,0.6,0.4
118,0,300,0,0.6,0.4
119,0,300,0,0.6,0.4
120,0,300,0,0.6,0.4
121,0,300,0,0.6,0.4
122,0,300,0,0.6,0.4
123,0,300,0,0.6,0.4
124,0,300,0,0.6,0.4
125,0,300,0,0.6,0.4
126,0,300,0,0.6,0.4
127,0,300,0,0.6,0.4
128,0,300,0,0.6,0.4
129,0,300,0,0.6,0.4
130,0,300,0,0.6,0.4
131,0,300,0,0.6,0.4
132,0,300,0,0.6,0.4
133,0,300,0,0.6,0.4
134,0,300,0,0.6,0.4
135,0,300,0,0.6,0.4
136,0,300,0,0.6,0.4
137,0,300,0,0.6,0.4
138,0,300,0,0.6,0.4
139,0,300,0,0.6,0.4
140,0,300,0,0.6,0.4
141,0,300,0,0.6,0.4
142,0,300,0,0.6,0.4
143,0,300,0,0.6,0.4
144,0,300,0,0.6,0.4
145,0,300,0,0.6,0.4
146,0,300,0,0.6,0.4
147,0,300,0,0.6,0.4
148,0,300,0,0.6,0.4
149,0,300,0,0.6,0.4
150,0,300,0,0.6,0.4
151,0,300,0,0.6,0.4
152,0,300,0,0.6,0.4
153,0,300,0,0.6,0.4
154,0,300,0,0.6,0.4
155,0,300,0,0.6,0.4
156,0,300,0,0.6,0.4
157,0,300,0,0.6,0.4
158,0,300,0,0.6,0.4
159,0,300,0,0.6,0.4
160,0,300,0,0.6,0.4
161,0,300,0,0.6,0.4
162,0,300,0,0.6,0.4
163,0,300,0,0.6,0.4
164,0,300,0,0.6,0.4
165,0,300,0,0.6,0.4
166,0,300,0,0.6,0.4
167,0,300,0,0.6,0.4
168,0,300,0,0.6,0.4
169,0,300,0,0.6,0.4
170,0,300,0,0.6,0.4
171,0,300,0,0.6,0.4
172,0,300,0,0.6,0.4
173,0,300,0,0.6,0.4
174,0,300,0,0.6,0.4
175,0,300,0,0.6,0.4
176,0,300,0,0.6,0.4
177,0,300,0,0.6,0.4
178,0,300,0,0.6,0.4
179,0,300,0,0.6,0.4
180,0,300,0,0.6,0.4
181,0,300,0,0.6,0.4
182,0,300,0,0.6,0.4
183,0,300,0,0.6,0.4
184,0,300,0,0.6,0.4
185,0,300,0,0.6,0.4
186,0,300,0,0.6,0.4
187,0,300,0,0.6,0.4
188,0,300,0,0.6,0.4
189,0,300,0,0.6,0.4
190,0,300,0,0.6,0.4
191,0,300,0,0.6,0.4
192,0,300,0,0.6,0.4
193,0,300,0,0.6,0.4
194,0,300,0,0.6,0.4
195,0,300,0,0.6,0.4
196,0,300,0,0.6,0.4
197,0,300,0,0.6,0.4
198,0,300,0,0.6,0.4
199,0,300,0,0.6,0.4
200,0,300,0,0.6,0.4
201,0,300,0,0.6,0.4
202,0,300,0,0.6,0.4
203,0,300,0,0.6,0.4
204,0,300,0,0.6,0.4
205,0,300,0,0.6,0.4
206,0,300,0,0.6,0.4
207,0,300,0,0.6,0.4
208,0,300,0,0.6,0.4
209,0,300,0,0.6,0.4
210,0,300,0,0.6,0.4
211,0,300,0,0.6,0.4
212,0,300,0,0.6,0.4
213,0,300,0,0.6,0.4
214,0,300,0,0.6,0.4
215,0,300,0,0.6,0.4
216,0,300,0,0.6,0.4
217,0,300,0,0.6,0.4
218,0,300,0,0.6,0.4
219,0,300,0,0.6,0.4
220,0,300,0,0.6,0.4
221,0,300,0,0.6,0.4
222,0,300,0,0.6,0.4
223,0,300,0,0.6,0.4
224,0,300,0,0.6,0.4
225,0,300,0,0.6,0.4
226,0,300,0,0.6,0.4
227,0,300,0,0.6,0.4
228,0,300,0,0.6,0.4
229,0,300,0,0.6,0.4
230,0,300,0,0.6,0.4
231,0,300,0,0.6,0.4
232,0,300,0,0.6,0.4
233,0,300,0,0.6,0.4
234,0,300,0,0.6,0.4
235,0,300,0,0.6,0.4
236,0,300,0,0.6,0.4
237,0,300,0,0.6,0.4
238,0,300,0,0.6,0.4
239,0,300,0,0.6,0.4
240,0,300,0,0.6,0.4
241,0,300,0,0.6,0.4
242,0,300,0,0.6,0.4
243,0,300,0,0.6,0.4
244,0,300,0,0.6,0.4
245,0,300,0,0.6,0.4
246,0,300,0,0.6,0.4
247,0,300,0,0.6,0.4
248,0,300,0,0.6,0.4
249,0,300,0,0.6,0.4
250,0,300,0,0.6,0.4
251,0,300,0,0.6,0.4
252,0,300,0,0.6,0.4
253,0,300,0,0.6,0.4
254,0,300,0,0.6,0.4
255,0,300,0,0.6,0.4
256,0,300,0,0.6,0.4
257,0,300,0,0.6,0.4
258,0,300,0,0.6,0.4
259,0,300,0,0.6,0.4
260,0,300,0,0.6,0.4
261,0,300,0,0.6,0.4
262,0,300,0,0.6,0.4
263,0,300,0,0.6,0.4
264,0,300,0,0.6,0.4
265,0,300,0,0.6,0.4
266,0,300,0,0.6,0.4
267,0,300,0,0.6,0.4
268,0,300,0,0.6,0.4
269,0,300,0,0.6,0.4
270,0,300,0,0.6,0.4
271,0,300,0,0.6,0.4
272,0,300,0,0.6,0.4
273,0,300,0,0.6,0.4
274,0,300,0,0.6,0.4
275,0,300,0,0.6,0.4
276,0,300,0,0.6,0.4
277,0,300,0,0.6,0.4
278,0,300,0,0.6,0.4
279,0,300,0,0.6,0.4
280,0,300,0,0.6,0.4
281,0,300,0,0.6,0.4
282,0,300,0,0.6,0.4
283,0,300,0,0.6,0.4
284,0,300,0,0.6,0.4
285,0,300,0,0.6,0.4
286,0,300,0,0.6,0.4
287,0,300,0,0.6,0.4
288,0,300,0,0.6,0.4
289,0,300,0,0.6,0.4
290,0,300,0,0.6,0.4
291,0,300,0,0.6,0.4
292,0,300,0,0.6,0.4
293,0,300,0,0.6,0.4
294,0,300,0,0.6,0.4
295,0,300,0,0.6,0.4
296,0,300,0,0.6,0.4
297,0,300,0,0.6,0.4
298,0,300,0,0.6,0.4
299,0,300,0,0.6,0.4
300,0,300,0,0.6,0.4
1,164,124,12,0.7,0.30000000000000004
2,120,170,10,0.7,0.30000000000000004
3,73,223,4,0.7,0.30000000000000004
4,58,242,0,0.7,0.30000000000000004
5,36,264,0,0.7,0.30000000000000004
6,18,282,0,0.7,0.30000000000000004
7,21,279,0,0.7,0.30000000000000004
8,11,289,0,0.7,0.30000000000000004
9,7,293,0,0.7,0.30000000000000004
10,2,298,0,0.7,0.30000000000000004
11,1,299,0,0.7,0.30000000000000004
12,1,299,0,0.7,0.30000000000000004
13,1,299,0,0.7,0.30000000000000004
14,1,299,0,0.7,0.30000000000000004
15,1,299,0,0.7,0.30000000000000004
16,0,300,0,0.7,0.30000000000000004
17,0,300,0,0.7,0.30000000000000004
18,0,300,0,0.7,0.30000000000000004
19,0,300,0,0.7,0.30000000000000004
20,0,300,0,0.7,0.30000000000000004
21,0,300,0,0.7,0.30000000000000004
22,0,300,0,0.7,0.30000000000000004
23,0,300,0,0.7,0.30000000000000004
24,0,300,0,0.7,0.30000000000000004
25,0,300,0,0.7,0.30000000000000004
26,0,300,0,0.7,0.30000000000000004
27,0,300,0,0.7,0.30000000000000004
28,0,300,0,0.7,0.30000000000000004
29,0,300,0,0.7,0.30000000000000004
30,0,300,0,0.7,0.30000000000000004
31,0,300,0,0.7,0.30000000000000004
32,0,300,0,0.7,0.30000000000000004
33,0,300,0,0.7,0.30000000000000004
34,0,300,0,0.7,0.30000000000000004
35,0,300,0,0.7,0.30000000000000004
36,0,300,0,0.7,0.30000000000000004
37,0,300,0,0.7,0.30000000000000004
38,0,300,0,0.7,0.30000000000000004
39,0,300,0,0.7,0.30000000000000004
40,0,300,0,0.7,0.30000000000000004
41,0,300,0,0.7,0.30000000000000004
42,0,300,0,0.7,0.30000000000000004
43,0,300,0,0.7,0.30000000000000004
44,0,300,0,0.7,0.30000000000000004
45,0,300,0,0.7,0.30000000000000004
46,0,300,0,0.7,0.30000000000000004
47,0,300,0,0.7,0.30000000000000004
48,0,300,0,0.7,0.30000000000000004
49,0,300,0,0.7,0.30000000000000004
50,0,300,0,0.7,0.30000000000000004
51,0,300,0,0.7,0.30000000000000004
52,0,300,0,0.7,0.30000000000000004
53,0,300,0,0.7,0.30000000000000004
54,0,300,0,0.7,0.30000000000000004
55,0,300,0,0.7,0.30000000000000004
56,0,300,0,0.7,0.30000000000000004
57,0,300,0,0.7,0.30000000000000004
58,0,300,0,0.7,0.30000000000000004
59,0,300,0,0.7,0.30000000000000004
60,0,300,0,0.7,0.30000000000000004
61,0,300,0,0.7,0.30000000000000004
62,0,300,0,0.7,0.30000000000000004
63,0,300,0,0.7,0.30000000000000004
64,0,300,0,0.7,0.30000000000000004
65,0,300,0,0.7,0.30000000000000004
66,0,300,0,0.7,0.30000000000000004
67,0,300,0,0.7,0.30000000000000004
68,0,300,0,0.7,0.30000000000000004
69,0,300,0,0.7,0.30000000000000004
70,0,300,0,0.7,0.30000000000000004
71,0,300,0,0.7,0.30000000000000004
72,0,300,0,0.7,0.30000000000000004
73,0,300,0,0.7,0.30000000000000004
74,0,300,0,0.7,0.30000000000000004
75,0,300,0,0.7,0.30000000000000004
76,0,300,0,0.7,0.30000000000000004
77,0,300,0,0.7,0.30000000000000004
78,0,300,0,0.7,0.30000000000000004
79,0,300,0,0.7,0.30000000000000004
80,0,300,0,0.7,0.30000000000000004
81,0,300,0,0.7,0.30000000000000004
82,0,300,0,0.7,0.30000000000000004
83,0,300,0,0.7,0.30000000000000004
84,0,300,0,0.7,0.30000000000000004
85,0,300,0,0.7,0.30000000000000004
86,0,300,0,0.7,0.30000000000000004
87,0,300,0,0.7,0.30000000000000004
88,0,300,0,0.7,0.30000000000000004
89,0,300,0,0.7,0.30000000000000004
90,0,300,0,0.7,0.30000000000000004
91,0,300,0,0.7,0.30000000000000004
92,0,300,0,0.7,0.30000000000000004
93,0,300,0,0.7,0.30000000000000004
94,0,300,0,0.7,0.30000000000000004
95,0,300,0,0.7,0.30000000000000004
96,0,300,0,0.7,0.30000000000000004
97,0,300,0,0.7,0.30000000000000004
98,0,300,0,0.7,0.30000000000000004
99,0,300,0,0.7,0.30000000000000004
100,0,300,0,0.7,0.30000000000000004
101,0,300,0,0.7,0.30000000000000004
102,0,300,0,0.7,0.30000000000000004
103,0,300,0,0.7,0.30000000000000004
104,0,300,0,0.7,0.30000000000000004
105,0,300,0,0.7,0.30000000000000004
106,0,300,0,0.7,0.30000000000000004
107,0,300,0,0.7,0.30000000000000004
108,0,300,0,0.7,0.30000000000000004
109,0,300,0,0.7,0.30000000000000004
110,0,300,0,0.7,0.30000000000000004
111,0,300,0,0.7,0.30000000000000004
112,0,300,0,0.7,0.30000000000000004
113,0,300,0,0.7,0.30000000000000004
114,0,300,0,0.7,0.30000000000000004
115,0,300,0,0.7,0.30000000000000004
116,0,300,0,0.7,0.30000000000000004
117,0,300,0,0.7,0.30000000000000004
118,0,300,0,0.7,0.30000000000000004
119,0,300,0,0.7,0.30000000000000004
120,0,300,0,0.7,0.30000000000000004
121,0,300,0,0.7,0.30000000000000004
122,0,300,0,0.7,0.30000000000000004
123,0,300,0,0.7,0.30000000000000004
124,0,300,0,0.7,0.30000000000000004
125,0,300,0,0.7,0.30000000000000004
126,0,300,0,0.7,0.30000000000000004
127,0,300,0,0.7,0.30000000000000004
128,0,300,0,0.7,0.30000000000000004
129,0,300,0,0.7,0.30000000000000004
130,0,300,0,0.7,0.30000000000000004
131,0,300,0,0.7,0.30000000000000004
132,0,300,0,0.7,0.30000000000000004
133,0,300,0,0.7,0.30000000000000004
134,0,300,0,0.7,0.30000000000000004
135,0,300,0,0.7,0.30000000000000004
136,0,300,0,0.7,0.30000000000000004
137,0,300,0,0.7,0.30000000000000004
138,0,300,0,0.7,0.30000000000000004
139,0,300,0,0.7,0.30000000000000004
140,0,300,0,0.7,0.30000000000000004
141,0,300,0,0.7,0.30000000000000004
142,0,300,0,0.7,0.30000000000000004
143,0,300,0,0.7,0.30000000000000004
144,0,300,0,0.7,0.30000000000000004
145,0,300,0,0.7,0.30000000000000004
146,0,300,0,0.7,0.30000000000000004
147,0,300,0,0.7,0.30000000000000004
148,0,300,0,0.7,0.30000000000000004
149,0,300,0,0.7,0.30000000000000004
150,0,300,0,0.7,0.30000000000000004
151,0,300,0,0.7,0.30000000000000004
152,0,300,0,0.7,0.30000000000000004
153,0,300,0,0.7,0.30000000000000004
154,0,300,0,0.7,0.30000000000000004
155,0,300,0,0.7,0.30000000000000004
156,0,300,0,0.7,0.30000000000000004
157,0,300,0,0.7,0.30000000000000004
158,0,300,0,0.7,0.30000000000000004
159,0,300,0,0.7,0.30000000000000004
160,0,300,0,0.7,0.30000000000000004
161,0,300,0,0.7,0.30000000000000004
162,0,300,0,0.7,0.30000000000000004
163,0,300,0,0.7,0.30000000000000004
164,0,300,0,0.7,0.30000000000000004
165,0,300,0,0.7,0.30000000000000004
166,0,300,0,0.7,0.30000000000000004
167,0,300,0,0.7,0.30000000000000004
168,0,300,0,0.7,0.30000000000000004
169,0,300,0,0.7,0.30000000000000004
170,0,300,0,0.7,0.30000000000000004
171,0,300,0,0.7,0.30000000000000004
172,0,300,0,0.7,0.30000000000000004
173,0,300,0,0.7,0.30000000000000004
174,0,300,0,0.7,0.30000000000000004
175,0,300,0,0.7,0.30000000000000004
176,0,300,0,0.7,0.30000000000000004
177,0,300,0,0.7,0.30000000000000004
178,0,300,0,0.7,0.30000000000000004
179,0,300,0,0.7,0.30000000000000004
180,0,300,0,0.7,0.30000000000000004
181,0,300,0,0.7,0.30000000000000004
182,0,300,0,0.7,0.30000000000000004
183,0,300,0,0.7,0.30000000000000004
184,0,300,0,0.7,0.30000000000000004
185,0,300,0,0.7,0.30000000000000004
186,0,300,0,0.7,0.30000000000000004
187,0,300,0,0.7,0.30000000000000004
188,0,300,0,0.7,0.30000000000000004
189,0,300,0,0.7,0.30000000000000004
190,0,300,0,0.7,0.30000000000000004
191,0,300,0,0.7,0.30000000000000004
192,0,300,0,0.7,0.30000000000000004
193,0,300,0,0.7,0.30000000000000004
194,0,300,0,0.7,0.30000000000000004
195,0,300,0,0.7,0.30000000000000004
196,0,300,0,0.7,0.30000000000000004
197,0,300,0,0.7,0.30000000000000004
198,0,300,0,0.7,0.30000000000000004
199,0,300,0,0.7,0.30000000000000004
200,0,300,0,0.7,0.30000000000000004
201,0,300,0,0.7,0.30000000000000004
202,0,300,0,0.7,0.30000000000000004
203,0,300,0,0.7,0.30000000000000004
204,0,300,0,0.7,0.30000000000000004
205,0,300,0,0.7,0.30000000000000004
206,0,300,0,0.7,0.30000000000000004
207,0,300,0,0.7,0.30000000000000004
208,0,300,0,0.7,0.30000000000000004
209,0,300,0,0.7,0.30000000000000004
210,0,300,0,0.7,0.30000000000000004
211,0,300,0,0.7,0.30000000000000004
212,0,300,0,0.7,0.30000000000000004
213,0,300,0,0.7,0.30000000000000004
214,0,300,0,0.7,0.30000000000000004
215,0,300,0,0.7,0.30000000000000004
216,0,300,0,0.7,0.30000000000000004
217,0,300,0,0.7,0.30000000000000004
218,0,300,0,0.7,0.30000000000000004
219,0,300,0,0.7,0.30000000000000004
220,0,300,0,0.7,0.30000000000000004
221,0,300,0,0.7,0.30000000000000004
222,0,300,0,0.7,0.30000000000000004
223,0,300,0,0.7,0.30000000000000004
224,0,300,0,0.7,0.30000000000000004
225,0,300,0,0.7,0.30000000000000004
226,0,300,0,0.7,0.30000000000000004
227,0,300,0,0.7,0.30000000000000004
228,0,300,0,0.7,0.30000000000000004
229,0,300,0,0.7,0.30000000000000004
230,0,300,0,0.7,0.30000000000000004
231,0,300,0,0.7,0.30000000000000004
232,0,300,0,0.7,0.30000000000000004
233,0,300,0,0.7,0.30000000000000004
234,0,300,0,0.7,0.30000000000000004
235,0,300,0,0.7,0.30000000000000004
236,0,300,0,0.7,0.30000000000000004
237,0,300,0,0.7,0.30000000000000004
238,0,300,0,0.7,0.30000000000000004
239,0,300,0,0.7,0.30000000000000004
240,0,300,0,0.7,0.30000000000000004
241,0,300,0,0.7,0.30000000000000004
242,0,300,0,0.7,0.30000000000000004
243,0,300,0,0.7,0.30000000000000004
244,0,300,0,0.7,0.30000000000000004
245,0,300,0,0.7,0.30000000000000004
246,0,300,0,0.7,0.30000000000000004
247,0,300,0,0.7,0.30000000000000004
248,0,300,0,0.7,0.30000000000000004
249,0,300,0,0.7,0.30000000000000004
250,0,300,0,0.7,0.30000000000000004
251,0,300,0,0.7,0.30000000000000004
252,0,300,0,0.7,0.30000000000000004
253,0,300,0,0.7,0.30000000000000004
254,0,300,0,0.7,0.30000000000000004
255,0,300,0,0.7,0.30000000000000004
256,0,300,0,0.7,0.30000000000000004
257,0,300,0,0.7,0.30000000000000004
258,0,300,0,0.7,0.30000000000000004
259,0,300,0,0.7,0.30000000000000004
260,0,300,0,0.7,0.30000000000000004
261,0,300,0,0.7,0.30000000000000004
262,0,300,0,0.7,0.30000000000000004
263,0,300,0,0.7,0.30000000000000004
264,0,300,0,0.7,0.30000000000000004
265,0,300,0,0.7,0.30000000000000004
266,0,300,0,0.7,0.30000000000000004
267,0,300,0,0.7,0.30000000000000004
268,0,300,0,0.7,0.30000000000000004
269,0,300,0,0.7,0.30000000000000004
270,0,300,0,0.7,0.30000000000000004
271,0,300,0,0.7,0.30000000000000004
272,0,300,0,0.7,0.30000000000000004
273,0,300,0,0.7,0.30000000000000004
274,0,300,0,0.7,0.30000000000000004
275,0,300,0,0.7,0.30000000000000004
276,0,300,0,0.7,0.30000000000000004
277,0,300,0,0.7,0.30000000000000004
278,0,300,0,0.7,0.30000000000000004
279,0,300,0,0.7,0.30000000000000004
280,0,300,0,0.7,0.30000000000000004
281,0,300,0,0.7,0.30000000000000004
282,0,300,0,0.7,0.30000000000000004
283,0,300,0,0.7,0.30000000000000004
284,0,300,0,0.7,0.30000000000000004
285,0,300,0,0.7,0.30000000000000004
286,0,300,0,0.7,0.30000000000000004
287,0,300,0,0.7,0.30000000000000004
288,0,300,0,0.7,0.30000000000000004
289,0,300,0,0.7,0.30000000000000004
290,0,300,0,0.7,0.30000000000000004
291,0,300,0,0.7,0.30000000000000004
292,0,300,0,0.7,0.30000000000000004
293,0,300,0,0.7,0.30000000000000004
294,0,300,0,0.7,0.30000000000000004
295,0,300,0,0.7,0.30000000000000004
296,0,300,0,0.7,0.30000000000000004
297,0,300,0,0.7,0.30000000000000004
298,0,300,0,0.7,0.30000000000000004
299,0,300,0,0.7,0.30000000000000004
300,0,300,0,0.7,0.30000000000000004
1,152,145,3,0.8,0.19999999999999996
2,86,210,4,0.8,0.19999999999999996
3,57,241,2,0.8,0.19999999999999996
4,38,262,0,0.8,0.19999999999999996
5,18,282,0,0.8,0.19999999999999996
6,13,287,0,0.8,0.19999999999999996
7,4,296,0,0.8,0.19999999999999996
8,3,297,0,0.8,0.19999999999999996
9,2,298,0,0.8,0.19999999999999996
10,1,299,0,0.8,0.19999999999999996
11,3,297,0,0.8,0.19999999999999996
12,2,298,0,0.8,0.19999999999999996
13,2,298,0,0.8,0.19999999999999996
14,3,297,0,0.8,0.19999999999999996
15,1,299,0,0.8,0.19999999999999996
16,1,299,0,0.8,0.19999999999999996
17,0,300,0,0.8,0.19999999999999996
18,0,300,0,0.8,0.19999999999999996
19,0,300,0,0.8,0.19999999999999996
20,0,300,0,0.8,0.19999999999999996
21,0,300,0,0.8,0.19999999999999996
22,0,300,0,0.8,0.19999999999999996
23,0,300,0,0.8,0.19999999999999996
24,0,300,0,0.8,0.19999999999999996
25,0,300,0,0.8,0.19999999999999996
26,0,300,0,0.8,0.19999999999999996
27,0,300,0,0.8,0.19999999999999996
28,0,300,0,0.8,0.19999999999999996
29,0,300,0,0.8,0.19999999999999996
30,0,300,0,0.8,0.19999999999999996
31,0,300,0,0.8,0.19999999999999996
32,0,300,0,0.8,0.19999999999999996
33,0,300,0,0.8,0.19999999999999996
34,0,300,0,0.8,0.19999999999999996
35,0,300,0,0.8,0.19999999999999996
36,0,300,0,0.8,0.19999999999999996
37,0,300,0,0.8,0.19999999999999996
38,0,300,0,0.8,0.19999999999999996
39,0,300,0,0.8,0.19999999999999996
40,0,300,0,0.8,0.19999999999999996
41,0,300,0,0.8,0.19999999999999996
42,0,300,0,0.8,0.19999999999999996
43,0,300,0,0.8,0.19999999999999996
44,0,300,0,0.8,0.19999999999999996
45,0,300,0,0.8,0.19999999999999996
46,0,300,0,0.8,0.19999999999999996
47,0,300,0,0.8,0.19999999999999996
48,0,300,0,0.8,0.19999999999999996
49,0,300,0,0.8,0.19999999999999996
50,0,300,0,0.8,0.19999999999999996
51,0,300,0,0.8,0.19999999999999996
52,0,300,0,0.8,0.19999999999999996
53,0,300,0,0.8,0.19999999999999996
54,0,300,0,0.8,0.19999999999999996
55,0,300,0,0.8,0.19999999999999996
56,0,300,0,0.8,0.19999999999999996
57,0,300,0,0.8,0.19999999999999996
58,0,300,0,0.8,0.19999999999999996
59,0,300,0,0.8,0.19999999999999996
60,0,300,0,0.8,0.19999999999999996
61,0,300,0,0.8,0.19999999999999996
62,0,300,0,0.8,0.19999999999999996
63,0,300,0,0.8,0.19999999999999996
64,0,300,0,0.8,0.19999999999999996
65,0,300,0,0.8,0.19999999999999996
66,0,300,0,0.8,0.19999999999999996
67,0,300,0,0.8,0.19999999999999996
68,0,300,0,0.8,0.19999999999999996
69,0,300,0,0.8,0.19999999999999996
70,0,300,0,0.8,0.19999999999999996
71,0,300,0,0.8,0.19999999999999996
72,0,300,0,0.8,0.19999999999999996
73,0,300,0,0.8,0.19999999999999996
74,0,300,0,0.8,0.19999999999999996
75,0,300,0,0.8,0.19999999999999996
76,0,300,0,0.8,0.19999999999999996
77,0,300,0,0.8,0.19999999999999996
78,0,300,0,0.8,0.19999999999999996
79,0,300,0,0.8,0.19999999999999996
80,0,300,0,0.8,0.19999999999999996
81,0,300,0,0.8,0.19999999999999996
82,0,300,0,0.8,0.19999999999999996
83,0,300,0,0.8,0.19999999999999996
84,0,300,0,0.8,0.19999999999999996
85,0,300,0,0.8,0.19999999999999996
86,0,300,0,0.8,0.19999999999999996
87,0,300,0,0.8,0.19999999999999996
88,0,300,0,0.8,0.19999999999999996
89,0,300,0,0.8,0.19999999999999996
90,0,300,0,0.8,0.19999999999999996
91,0,300,0,0.8,0.19999999999999996
92,0,300,0,0.8,0.19999999999999996
93,0,300,0,0.8,0.19999999999999996
94,0,300,0,0.8,0.19999999999999996
95,0,300,0,0.8,0.19999999999999996
96,0,300,0,0.8,0.19999999999999996
97,0,300,0,0.8,0.19999999999999996
98,0,300,0,0.8,0.19999999999999996
99,0,300,0,0.8,0.19999999999999996
100,0,300,0,0.8,0.19999999999999996
101,0,300,0,0.8,0.19999999999999996
102,0,300,0,0.8,0.19999999999999996
103,0,300,0,0.8,0.19999999999999996
104,0,300,0,0.8,0.19999999999999996
105,0,300,0,0.8,0.19999999999999996
106,0,300,0,0.8,0.19999999999999996
107,0,300,0,0.8,0.19999999999999996
108,0,300,0,0.8,0.19999999999999996
109,0,300,0,0.8,0.19999999999999996
110,0,300,0,0.8,0.19999999999999996
111,0,300,0,0.8,0.19999999999999996
112,0,300,0,0.8,0.19999999999999996
113,0,300,0,0.8,0.19999999999999996
114,0,300,0,0.8,0.19999999999999996
115,0,300,0,0.8,0.19999999999999996
116,0,300,0,0.8,0.19999999999999996
117,0,300,0,0.8,0.19999999999999996
118,0,300,0,0.8,0.19999999999999996
119,0,300,0,0.8,0.19999999999999996
120,0,300,0,0.8,0.19999999999999996
121,0,300,0,0.8,0.19999999999999996
122,0,300,0,0.8,0.19999999999999996
123,0,300,0,0.8,0.19999999999999996
124,0,300,0,0.8,0.19999999999999996
125,0,300,0,0.8,0.19999999999999996
126,0,300,0,0.8,0.19999999999999996
127,0,300,0,0.8,0.19999999999999996
128,0,300,0,0.8,0.19999999999999996
129,0,300,0,0.8,0.19999999999999996
130,0,300,0,0.8,0.19999999999999996
131,0,300,0,0.8,0.19999999999999996
132,0,300,0,0.8,0.19999999999999996
133,0,300,0,0.8,0.19999999999999996
134,0,300,0,0.8,0.19999999999999996
135,0,300,0,0.8,0.19999999999999996
136,0,300,0,0.8,0.19999999999999996
137,0,300,0,0.8,0.19999999999999996
138,0,300,0,0.8,0.19999999999999996
139,0,300,0,0.8,0.19999999999999996
140,0,300,0,0.8,0.19999999999999996
141,0,300,0,0.8,0.19999999999999996
142,0,300,0,0.8,0.19999999999999996
143,0,300,0,0.8,0.19999999999999996
144,0,300,0,0.8,0.19999999999999996
145,0,300,0,0.8,0.19999999999999996
146,0,300,0,0.8,0.19999999999999996
147,0,300,0,0.8,0.19999999999999996
148,0,300,0,0.8,0.19999999999999996
149,0,300,0,0.8,0.19999999999999996
150,0,300,0,0.8,0.19999999999999996
151,0,300,0,0.8,0.19999999999999996
152,0,300,0,0.8,0.19999999999999996
153,0,300,0,0.8,0.19999999999999996
154,0,300,0,0.8,0.19999999999999996
155,0,300,0,0.8,0.19999999999999996
156,0,300,0,0.8,0.19999999999999996
157,0,300,0,0.8,0.19999999999999996
158,0,300,0,0.8,0.19999999999999996
159,0,300,0,0.8,0.19999999999999996
160,0,300,0,0.8,0.19999999999999996
161,0,300,0,0.8,0.19999999999999996
162,0,300,0,0.8,0.19999999999999996
163,0,300,0,0.8,0.19999999999999996
164,0,300,0,0.8,0.19999999999999996
165,0,300,0,0.8,0.19999999999999996
166,0,300,0,0.8,0.19999999999999996
167,0,300,0,0.8,0.19999999999999996
168,0,300,0,0.8,0.19999999999999996
169,0,300,0,0.8,0.19999999999999996
170,0,300,0,0.8,0.19999999999999996
171,0,300,0,0.8,0.19999999999999996
172,0,300,0,0.8,0.19999999999999996
173,0,300,0,0.8,0.19999999999999996
174,0,300,0,0.8,0.19999999999999996
175,0,300,0,0.8,0.19999999999999996
176,0,300,0,0.8,0.19999999999999996
177,0,300,0,0.8,0.19999999999999996
178,0,300,0,0.8,0.19999999999999996
179,0,300,0,0.8,0.19999999999999996
180,0,300,0,0.8,0.19999999999999996
181,0,300,0,0.8,0.19999999999999996
182,0,300,0,0.8,0.19999999999999996
183,0,300,0,0.8,0.19999999999999996
184,0,300,0,0.8,0.19999999999999996
185,0,300,0,0.8,0.19999999999999996
186,0,300,0,0.8,0.19999999999999996
187,0,300,0,0.8,0.19999999999999996
188,0,300,0,0.8,0.19999999999999996
189,0,300,0,0.8,0.19999999999999996
190,0,300,0,0.8,0.19999999999999996
191,0,300,0,0.8,0.19999999999999996
192,0,300,0,0.8,0.19999999999999996
193,0,300,0,0.8,0.19999999999999996
194,0,300,0,0.8,0.19999999999999996
195,0,300,0,0.8,0.19999999999999996
196,0,300,0,0.8,0.19999999999999996
197,0,300,0,0.8,0.19999999999999996
198,0,300,0,0.8,0.19999999999999996
199,0,300,0,0.8,0.19999999999999996
200,0,300,0,0.8,0.19999999999999996
201,0,300,0,0.8,0.19999999999999996
202,0,300,0,0.8,0.19999999999999996
203,0,300,0,0.8,0.19999999999999996
204,0,300,0,0.8,0.19999999999999996
205,0,300,0,0.8,0.19999999999999996
206,0,300,0,0.8,0.19999999999999996
207,0,300,0,0.8,0.19999999999999996
208,0,300,0,0.8,0.19999999999999996
209,0,300,0,0.8,0.19999999999999996
210,0,300,0,0.8,0.19999999999999996
211,0,300,0,0.8,0.19999999999999996
212,0,300,0,0.8,0.19999999999999996
213,0,300,0,0.8,0.19999999999999996
214,0,300,0,0.8,0.19999999999999996
215,0,300,0,0.8,0.19999999999999996
216,0,300,0,0.8,0.19999999999999996
217,0,300,0,0.8,0.19999999999999996
218,0,300,0,0.8,0.19999999999999996
219,0,300,0,0.8,0.19999999999999996
220,0,300,0,0.8,0.19999999999999996
221,0,300,0,0.8,0.19999999999999996
222,0,300,0,0.8,0.19999999999999996
223,0,300,0,0.8,0.19999999999999996
224,0,300,0,0.8,0.19999999999999996
225,0,300,0,0.8,0.19999999999999996
226,0,300,0,0.8,0.19999999999999996
227,0,300,0,0.8,0.19999999999999996
228,0,300,0,0.8,0.19999999999999996
229,0,300,0,0.8,0.19999999999999996
230,0,300,0,0.8,0.19999999999999996
231,0,300,0,0.8,0.19999999999999996
232,0,300,0,0.8,0.19999999999999996
233,0,300,0,0.8,0.19999999999999996
234,0,300,0,0.8,0.19999999999999996
235,0,300,0,0.8,0.19999999999999996
236,0,300,0,0.8,0.19999999999999996
237,0,300,0,0.8,0.19999999999999996
238,0,300,0,0.8,0.19999999999999996
239,0,300,0,0.8,0.19999999999999996
240,0,300,0,0.8,0.19999999999999996
241,0,300,0,0.8,0.19999999999999996
242,0,300,0,0.8,0.19999999999999996
243,0,300,0,0.8,0.19999999999999996
244,0,300,0,0.8,0.19999999999999996
245,0,300,0,0.8,0.19999999999999996
246,0,300,0,0.8,0.19999999999999996
247,0,300,0,0.8,0.19999999999999996
248,0,300,0,0.8,0.19999999999999996
249,0,300,0,0.8,0.19999999999999996
250,0,300,0,0.8,0.19999999999999996
251,0,300,0,0.8,0.19999999999999996
252,0,300,0,0.8,0.19999999999999996
253,0,300,0,0.8,0.19999999999999996
254,0,300,0,0.8,0.19999999999999996
255,0,300,0,0.8,0.19999999999999996
256,0,300,0,0.8,0.19999999999999996
257,0,300,0,0.8,0.19999999999999996
258,0,300,0,0.8,0.19999999999999996
259,0,300,0,0.8,0.19999999999999996
260,0,300,0,0.8,0.19999999999999996
261,0,300,0,0.8,0.19999999999999996
262,0,300,0,0.8,0.19999999999999996
263,0,300,0,0.8,0.19999999999999996
264,0,300,0,0.8,0.19999999999999996
265,0,300,0,0.8,0.19999999999999996
266,0,300,0,0.8,0.19999999999999996
267,0,300,0,0.8,0.19999999999999996
268,0,300,0,0.8,0.19999999999999996
269,0,300,0,0.8,0.19999999999999996
270,0,300,0,0.8,0.19999999999999996
271,0,300,0,0.8,0.19999999999999996
272,0,300,0,0.8,0.19999999999999996
273,0,300,0,0.8,0.19999999999999996
274,0,300,0,0.8,0.19999999999999996
275,0,300,0,0.8,0.19999999999999996
276,0,300,0,0.8,0.19999999999999996
277,0,300,0,0.8,0.19999999999999996
278,0,300,0,0.8,0.19999999999999996
279,0,300,0,0.8,0.19999999999999996
280,0,300,0,0.8,0.19999999999999996
281,0,300,0,0.8,0.19999999999999996
282,0,300,0,0.8,0.19999999999999996
283,0,300,0,0.8,0.19999999999999996
284,0,300,0,0.8,0.19999999999999996
285,0,300,0,0.8,0.19999999999999996
286,0,300,0,0.8,0.19999999999999996
287,0,300,0,0.8,0.19999999999999996
288,0,300,0,0.8,0.19999999999999996
289,0,300,0,0.8,0.19999999999999996
290,0,300,0,0.8,0.19999999999999996
291,0,300,0,0.8,0.19999999999999996
292,0,300,0,0.8,0.19999999999999996
293,0,300,0,0.8,0.19999999999999996
294,0,300,0,0.8,0.19999999999999996
295,0,300,0,0.8,0.19999999999999996
296,0,300,0,0.8,0.19999999999999996
297,0,300,0,0.8,0.19999999999999996
298,0,300,0,0.8,0.19999999999999996
299,0,300,0,0.8,0.19999999999999996
300,0,300,0,0.8,0.19999999999999996
1,119,179,2,0.9,0.09999999999999998
2,44,255,1,0.9,0.09999999999999998
3,20,280,0,0.9,0.09999999999999998
4,11,289,0,0.9,0.09999999999999998
5,4,296,0,0.9,0.09999999999999998
6,1,299,0,0.9,0.09999999999999998
7,0,300,0,0.9,0.09999999999999998
8,0,300,0,0.9,0.09999999999999998
9,0,300,0,0.9,0.09999999999999998
10,0,300,0,0.9,0.09999999999999998
11,0,300,0,0.9,0.09999999999999998
12,0,300,0,0.9,0.09999999999999998
13,0,300,0,0.9,0.09999999999999998
14,0,300,0,0.9,0.09999999999999998
15,0,300,0,0.9,0.09999999999999998
16,0,300,0,0.9,0.09999999999999998
17,0,300,0,0.9,0.09999999999999998
18,0,300,0,0.9,0.09999999999999998
19,0,300,0,0.9,0.09999999999999998
20,0,300,0,0.9,0.09999999999999998
21,0,300,0,0.9,0.09999999999999998
22,0,300,0,0.9,0.09999999999999998
23,0,300,0,0.9,0.09999999999999998
24,0,300,0,0.9,0.09999999999999998
25,0,300,0,0.9,0.09999999999999998
26,0,300,0,0.9,0.09999999999999998
27,0,300,0,0.9,0.09999999999999998
28,0,300,0,0.9,0.09999999999999998
29,0,300,0,0.9,0.09999999999999998
30,0,300,0,0.9,0.09999999999999998
31,0,300,0,0.9,0.09999999999999998
32,0,300,0,0.9,0.09999999999999998
33,0,300,0,0.9,0.09999999999999998
34,0,300,0,0.9,0.09999999999999998
35,0,300,0,0.9,0.09999999999999998
36,0,300,0,0.9,0.09999999999999998
37,0,300,0,0.9,0.09999999999999998
38,0,300,0,0.9,0.09999999999999998
39,0,300,0,0.9,0.09999999999999998
40,0,300,0,0.9,0.09999999999999998
41,0,300,0,0.9,0.09999999999999998
42,0,300,0,0.9,0.09999999999999998
43,0,300,0,0.9,0.09999999999999998
44,0,300,0,0.9,0.09999999999999998
45,0,300,0,0.9,0.09999999999999998
46,0,300,0,0.9,0.09999999999999998
47,0,300,0,0.9,0.09999999999999998
48,0,300,0,0.9,0.09999999999999998
49,0,300,0,0.9,0.09999999999999998
50,0,300,0,0.9,0.09999999999999998
51,0,300,0,0.9,0.09999999999999998
52,0,300,0,0.9,0.09999999999999998
53,0,300,0,0.9,0.09999999999999998
54,0,300,0,0.9,0.09999999999999998
55,0,300,0,0.9,0.09999999999999998
56,0,300,0,0.9,0.09999999999999998
57,0,300,0,0.9,0.09999999999999998
58,0,300,0,0.9,0.09999999999999998
59,0,300,0,0.9,0.09999999999999998
60,0,300,0,0.9,0.09999999999999998
61,0,300,0,0.9,0.09999999999999998
62,0,300,0,0.9,0.09999999999999998
63,0,300,0,0.9,0.09999999999999998
64,0,300,0,0.9,0.09999999999999998
65,0,300,0,0.9,0.09999999999999998
66,0,300,0,0.9,0.09999999999999998
67,0,300,0,0.9,0.09999999999999998
68,0,300,0,0.9,0.09999999999999998
69,0,300,0,0.9,0.09999999999999998
70,0,300,0,0.9,0.09999999999999998
71,0,300,0,0.9,0.09999999999999998
72,0,300,0,0.9,0.09999999999999998
73,0,300,0,0.9,0.09999999999999998
74,0,300,0,0.9,0.09999999999999998
75,0,300,0,0.9,0.09999999999999998
76,0,300,0,0.9,0.09999999999999998
77,0,300,0,0.9,0.09999999999999998
78,0,300,0,0.9,0.09999999999999998
79,0,300,0,0.9,0.09999999999999998
80,0,300,0,0.9,0.09999999999999998
81,0,300,0,0.9,0.09999999999999998
82,0,300,0,0.9,0.09999999999999998
83,0,300,0,0.9,0.09999999999999998
84,0,300,0,0.9,0.09999999999999998
85,0,300,0,0.9,0.09999999999999998
86,0,300,0,0.9,0.09999999999999998
87,0,300,0,0.9,0.09999999999999998
88,0,300,0,0.9,0.09999999999999998
89,0,300,0,0.9,0.09999999999999998
90,0,300,0,0.9,0.09999999999999998
91,0,300,0,0.9,0.09999999999999998
92,0,300,0,0.9,0.09999999999999998
93,0,300,0,0.9,0.09999999999999998
94,0,300,0,0.9,0.09999999999999998
95,0,300,0,0.9,0.09999999999999998
96,0,300,0,0.9,0.09999999999999998
97,0,300,0,0.9,0.09999999999999998
98,0,300,0,0.9,0.09999999999999998
99,0,300,0,0.9,0.09999999999999998
100,0,300,0,0.9,0.09999999999999998
101,0,300,0,0.9,0.09999999999999998
102,0,300,0,0.9,0.09999999999999998
103,0,300,0,0.9,0.09999999999999998
104,0,300,0,0.9,0.09999999999999998
105,0,300,0,0.9,0.09999999999999998
106,0,300,0,0.9,0.09999999999999998
107,0,300,0,0.9,0.09999999999999998
108,0,300,0,0.9,0.09999999999999998
109,0,300,0,0.9,0.09999999999999998
110,0,300,0,0.9,0.09999999999999998
111,0,300,0,0.9,0.09999999999999998
112,0,300,0,0.9,0.09999999999999998
113,0,300,0,0.9,0.09999999999999998
114,0,300,0,0.9,0.09999999999999998
115,0,300,0,0.9,0.09999999999999998
116,0,300,0,0.9,0.09999999999999998
117,0,300,0,0.9,0.09999999999999998
118,0,300,0,0.9,0.09999999999999998
119,0,300,0,0.9,0.09999999999999998
120,0,300,0,0.9,0.09999999999999998
121,0,300,0,0.9,0.09999999999999998
122,0,300,0,0.9,0.09999999999999998
123,0,300,0,0.9,0.09999999999999998
124,0,300,0,0.9,0.09999999999999998
125,0,300,0,0.9,0.09999999999999998
126,0,300,0,0.9,0.09999999999999998
127,0,300,0,0.9,0.09999999999999998
128,0,300,0,0.9,0.09999999999999998
129,0,300,0,0.9,0.09999999999999998
130,0,300,0,0.9,0.09999999999999998
131,0,300,0,0.9,0.09999999999999998
132,0,300,0,0.9,0.09999999999999998
133,0,300,0,0.9,0.09999999999999998
134,0,300,0,0.9,0.09999999999999998
135,0,300,0,0.9,0.09999999999999998
136,0,300,0,0.9,0.09999999999999998
137,0,300,0,0.9,0.09999999999999998
138,0,300,0,0.9,0.09999999999999998
139,0,300,0,0.9,0.09999999999999998
140,0,300,0,0.9,0.09999999999999998
141,0,300,0,0.9,0.09999999999999998
142,0,300,0,0.9,0.09999999999999998
143,0,300,0,0.9,0.09999999999999998
144,0,300,0,0.9,0.09999999999999998
145,0,300,0,0.9,0.09999999999999998
146,0,300,0,0.9,0.09999999999999998
147,0,300,0,0.9,0.09999999999999998
148,0,300,0,0.9,0.09999999999999998
149,0,300,0,0.9,0.09999999999999998
150,0,300,0,0.9,0.09999999999999998
151,0,300,0,0.9,0.09999999999999998
152,0,300,0,0.9,0.09999999999999998
153,0,300,0,0.9,0.09999999999999998
154,0,300,0,0.9,0.09999999999999998
155,0,300,0,0.9,0.09999999999999998
156,0,300,0,0.9,0.09999999999999998
157,0,300,0,0.9,0.09999999999999998
158,0,300,0,0.9,0.09999999999999998
159,0,300,0,0.9,0.09999999999999998
160,0,300,0,0.9,0.09999999999999998
161,0,300,0,0.9,0.09999999999999998
162,0,300,0,0.9,0.09999999999999998
163,0,300,0,0.9,0.09999999999999998
164,0,300,0,0.9,0.09999999999999998
165,0,300,0,0.9,0.09999999999999998
166,0,300,0,0.9,0.09999999999999998
167,0,300,0,0.9,0.09999999999999998
168,0,300,0,0.9,0.09999999999999998
169,0,300,0,0.9,0.09999999999999998
170,0,300,0,0.9,0.09999999999999998
171,0,300,0,0.9,0.09999999999999998
172,0,300,0,0.9,0.09999999999999998
173,0,300,0,0.9,0.09999999999999998
174,0,300,0,0.9,0.09999999999999998
175,0,300,0,0.9,0.09999999999999998
176,0,300,0,0.9,0.09999999999999998
177,0,300,0,0.9,0.09999999999999998
178,0,300,0,0.9,0.09999999999999998
179,0,300,0,0.9,0.09999999999999998
180,0,300,0,0.9,0.09999999999999998
181,0,300,0,0.9,0.09999999999999998
182,0,300,0,0.9,0.09999999999999998
183,0,300,0,0.9,0.09999999999999998
184,0,300,0,0.9,0.09999999999999998
185,0,300,0,0.9,0.09999999999999998
186,0,300,0,0.9,0.09999999999999998
187,0,300,0,0.9,0.09999999999999998
188,0,300,0,0.9,0.09999999999999998
189,0,300,0,0.9,0.09999999999999998
190,0,300,0,0.9,0.09999999999999998
191,0,300,0,0.9,0.09999999999999998
192,0,300,0,0.9,0.09999999999999998
193,0,300,0,0.9,0.09999999999999998
194,0,300,0,0.9,0.09999999999999998
195,0,300,0,0.9,0.09999999999999998
196,0,300,0,0.9,0.09999999999999998
197,0,300,0,0.9,0.09999999999999998
198,0,300,0,0.9,0.09999999999999998
199,0,300,0,0.9,0.09999999999999998
200,0,300,0,0.9,0.09999999999999998
201,0,300,0,0.9,0.09999999999999998
202,0,300,0,0.9,0.09999999999999998
203,0,300,0,0.9,0.09999999999999998
204,0,300,0,0.9,0.09999999999999998
205,0,300,0,0.9,0.09999999999999998
206,0,300,0,0.9,0.09999999999999998
207,0,300,0,0.9,0.09999999999999998
208,0,300,0,0.9,0.09999999999999998
209,0,300,0,0.9,0.09999999999999998
210,0,300,0,0.9,0.09999999999999998
211,0,300,0,0.9,0.09999999999999998
212,0,300,0,0.9,0.09999999999999998
213,0,300,0,0.9,0.09999999999999998
214,0,300,0,0.9,0.09999999999999998
215,0,300,0,0.9,0.09999999999999998
216,0,300,0,0.9,0.09999999999999998
217,0,300,0,0.9,0.09999999999999998
218,0,300,0,0.9,0.09999999999999998
219,0,300,0,0.9,0.09999999999999998
220,0,300,0,0.9,0.09999999999999998
221,0,300,0,0.9,0.09999999999999998
222,0,300,0,0.9,0.09999999999999998
223,0,300,0,0.9,0.09999999999999998
224,0,300,0,0.9,0.09999999999999998
225,0,300,0,0.9,0.09999999999999998
226,0,300,0,0.9,0.09999999999999998
227,0,300,0,0.9,0.09999999999999998
228,0,300,0,0.9,0.09999999999999998
229,0,300,0,0.9,0.09999999999999998
230,0,300,0,0.9,0.09999999999999998
231,0,300,0,0.9,0.09999999999999998
232,0,300,0,0.9,0.09999999999999998
233,0,300,0,0.9,0.09999999999999998
234,0,300,0,0.9,0.09999999999999998
235,0,300,0,0.9,0.09999999999999998
236,0,300,0,0.9,0.09999999999999998
237,0,300,0,0.9,0.09999999999999998
238,0,300,0,0.9,0.09999999999999998
239,0,300,0,0.9,0.09999999999999998
240,0,300,0,0.9,0.09999999999999998
241,0,300,0,0.9,0.09999999999999998
242,0,300,0,0.9,0.09999999999999998
243,0,300,0,0.9,0.09999999999999998
244,0,300,0,0.9,0.09999999999999998
245,0,300,0,0.9,0.09999999999999998
246,0,300,0,0.9,0.09999999999999998
247,0,300,0,0.9,0.09999999999999998
248,0,300,0,0.9,0.09999999999999998
249,0,300,0,0.9,0.09999999999999998
250,0,300,0,0.9,0.09999999999999998
251,0,300,0,0.9,0.09999999999999998
252,0,300,0,0.9,0.09999999999999998
253,0,300,0,0.9,0.09999999999999998
254,0,300,0,0.9,0.09999999999999998
255,0,300,0,0.9,0.09999999999999998
256,0,300,0,0.9,0.09999999999999998
257,0,300,0,0.9,0.09999999999999998
258,0,300,0,0.9,0.09999999999999998
259,0,300,0,0.9,0.09999999999999998
260,0,300,0,0.9,0.09999999999999998
261,0,300,0,0.9,0.09999999999999998
262,0,300,0,0.9,0.09999999999999998
263,0,300,0,0.9,0.09999999999999998
264,0,300,0,0.9,0.09999999999999998
265,0,300,0,0.9,0.09999999999999998
266,0,300,0,0.9,0.09999999999999998
267,0,300,0,0.9,0.09999999999999998
268,0,300,0,0.9,0.09999999999999998
269,0,300,0,0.9,0.09999999999999998
270,0,300,0,0.9,0.09999999999999998
271,0,300,0,0.9,0.09999999999999998
272,0,300,0,0.9,0.09999999999999998
273,0,300,0,0.9,0.09999999999999998
274,0,300,0,0.9,0.09999999999999998
275,0,300,0,0.9,0.09999999999999998
276,0,300,0,0.9,0.09999999999999998
277,0,300,0,0.9,0.09999999999999998
278,0,300,0,0.9,0.09999999999999998
279,0,300,0,0.9,0.09999999999999998
280,0,300,0,0.9,0.09999999999999998
281,0,300,0,0.9,0.09999999999999998
282,0,300,0,0.9,0.09999999999999998
283,0,300,0,0.9,0.09999999999999998
284,0,300,0,0.9,0.09999999999999998
285,0,300,0,0.9,0.09999999999999998
286,0,300,0,0.9,0.09999999999999998
287,0,300,0,0.9,0.09999999999999998
288,0,300,0,0.9,0.09999999999999998
289,0,300,0,0.9,0.09999999999999998
290,0,300,0,0.9,0.09999999999999998
291,0,300,0,0.9,0.09999999999999998
292,0,300,0,0.9,0.09999999999999998
293,0,300,0,0.9,0.09999999999999998
294,0,300,0,0.9,0.09999999999999998
295,0,300,0,0.9,0.09999999999999998
296,0,300,0,0.9,0.09999999999999998
297,0,300,0,0.9,0.09999999999999998
298,0,300,0,0.9,0.09999999999999998
299,0,300,0,0.9,0.09999999999999998
300,0,300,0,0.9,0.09999999999999998
1,116,184,0,1.0,0.0
2,45,255,0,1.0,0.0
3,15,285,0,1.0,0.0
4,7,293,0,1.0,0.0
5,2,298,0,1.0,0.0
6,1,299,0,1.0,0.0
7,0,300,0,1.0,0.0
8,0,300,0,1.0,0.0
9,0,300,0,1.0,0.0
10,0,300,0,1.0,0.0
11,0,300,0,1.0,0.0
12,0,300,0,1.0,0.0
13,0,300,0,1.0,0.0
14,0,300,0,1.0,0.0
15,0,300,0,1.0,0.0
16,0,300,0,1.0,0.0
17,0,300,0,1.0,0.0
18,0,300,0,1.0,0.0
19,0,300,0,1.0,0.0
20,0,300,0,1.0,0.0
21,0,300,0,1.0,0.0
22,0,300,0,1.0,0.0
23,0,300,0,1.0,0.0
24,0,300,0,1.0,0.0
25,0,300,0,1.0,0.0
26,0,300,0,1.0,0.0
27,0,300,0,1.0,0.0
28,0,300,0,1.0,0.0
29,0,300,0,1.0,0.0
30,0,300,0,1.0,0.0
31,0,300,0,1.0,0.0
32,0,300,0,1.0,0.0
33,0,300,0,1.0,0.0
34,0,300,0,1.0,0.0
35,0,300,0,1.0,0.0
36,0,300,0,1.0,0.0
37,0,300,0,1.0,0.0
38,0,300,0,1.0,0.0
39,0,300,0,1.0,0.0
40,0,300,0,1.0,0.0
41,0,300,0,1.0,0.0
42,0,300,0,1.0,0.0
43,0,300,0,1.0,0.0
44,0,300,0,1.0,0.0
45,0,300,0,1.0,0.0
46,0,300,0,1.0,0.0
47,0,300,0,1.0,0.0
48,0,300,0,1.0,0.0
49,0,300,0,1.0,0.0
50,0,300,0,1.0,0.0
51,0,300,0,1.0,0.0
52,0,300,0,1.0,0.0
53,0,300,0,1.0,0.0
54,0,300,0,1.0,0.0
55,0,300,0,1.0,0.0
56,0,300,0,1.0,0.0
57,0,300,0,1.0,0.0
58,0,300,0,1.0,0.0
59,0,300,0,1.0,0.0
60,0,300,0,1.0,0.0
61,0,300,0,1.0,0.0
62,0,300,0,1.0,0.0
63,0,300,0,1.0,0.0
64,0,300,0,1.0,0.0
65,0,300,0,1.0,0.0
66,0,300,0,1.0,0.0
67,0,300,0,1.0,0.0
68,0,300,0,1.0,0.0
69,0,300,0,1.0,0.0
70,0,300,0,1.0,0.0
71,0,300,0,1.0,0.0
72,0,300,0,1.0,0.0
73,0,300,0,1.0,0.0
74,0,300,0,1.0,0.0
75,0,300,0,1.0,0.0
76,0,300,0,1.0,0.0
77,0,300,0,1.0,0.0
78,0,300,0,1.0,0.0
79,0,300,0,1.0,0.0
80,0,300,0,1.0,0.0
81,0,300,0,1.0,0.0
82,0,300,0,1.0,0.0
83,0,300,0,1.0,0.0
84,0,300,0,1.0,0.0
85,0,300,0,1.0,0.0
86,0,300,0,1.0,0.0
87,0,300,0,1.0,0.0
88,0,300,0,1.0,0.0
89,0,300,0,1.0,0.0
90,0,300,0,1.0,0.0
91,0,300,0,1.0,0.0
92,0,300,0,1.0,0.0
93,0,300,0,1.0,0.0
94,0,300,0,1.0,0.0
95,0,300,0,1.0,0.0
96,0,300,0,1.0,0.0
97,0,300,0,1.0,0.0
98,0,300,0,1.0,0.0
99,0,300,0,1.0,0.0
100,0,300,0,1.0,0.0
101,0,300,0,1.0,0.0
102,0,300,0,1.0,0.0
103,0,300,0,1.0,0.0
104,0,300,0,1.0,0.0
105,0,300,0,1.0,0.0
106,0,300,0,1.0,0.0
107,0,300,0,1.0,0.0
108,0,300,0,1.0,0.0
109,0,300,0,1.0,0.0
110,0,300,0,1.0,0.0
111,0,300,0,1.0,0.0
112,0,300,0,1.0,0.0
113,0,300,0,1.0,0.0
114,0,300,0,1.0,0.0
115,0,300,0,1.0,0.0
116,0,300,0,1.0,0.0
117,0,300,0,1.0,0.0
118,0,300,0,1.0,0.0
119,0,300,0,1.0,0.0
120,0,300,0,1.0,0.0
121,0,300,0,1.0,0.0
122,0,300,0,1.0,0.0
123,0,300,0,1.0,0.0
124,0,300,0,1.0,0.0
125,0,300,0,1.0,0.0
126,0,300,0,1.0,0.0
127,0,300,0,1.0,0.0
128,0,300,0,1.0,0.0
129,0,300,0,1.0,0.0
130,0,300,0,1.0,0.0
131,0,300,0,1.0,0.0
132,0,300,0,1.0,0.0
133,0,300,0,1.0,0.0
134,0,300,0,1.0,0.0
135,0,300,0,1.0,0.0
136,0,300,0,1.0,0.0
137,0,300,0,1.0,0.0
138,0,300,0,1.0,0.0
139,0,300,0,1.0,0.0
140,0,300,0,1.0,0.0
141,0,300,0,1.0,0.0
142,0,300,0,1.0,0.0
143,0,300,0,1.0,0.0
144,0,300,0,1.0,0.0
145,0,300,0,1.0,0.0
146,0,300,0,1.0,0.0
147,0,300,0,1.0,0.0
148,0,300,0,1.0,0.0
149,0,300,0,1.0,0.0
150,0,300,0,1.0,0.0
151,0,300,0,1.0,0.0
152,0,300,0,1.0,0.0
153,0,300,0,1.0,0.0
154,0,300,0,1.0,0.0
155,0,300,0,1.0,0.0
156,0,300,0,1.0,0.0
157,0,300,0,1.0,0.0
158,0,300,0,1.0,0.0
159,0,300,0,1.0,0.0
160,0,300,0,1.0,0.0
161,0,300,0,1.0,0.0
162,0,300,0,1.0,0.0
163,0,300,0,1.0,0.0
164,0,300,0,1.0,0.0
165,0,300,0,1.0,0.0
166,0,300,0,1.0,0.0
167,0,300,0,1.0,0.0
168,0,300,0,1.0,0.0
169,0,300,0,1.0,0.0
170,0,300,0,1.0,0.0
171,0,300,0,1.0,0.0
172,0,300,0,1.0,0.0
173,0,300,0,1.0,0.0
174,0,300,0,1.0,0.0
175,0,300,0,1.0,0.0
176,0,300,0,1.0,0.0
177,0,300,0,1.0,0.0
178,0,300,0,1.0,0.0
179,0,300,0,1.0,0.0
180,0,300,0,1.0,0.0
181,0,300,0,1.0,0.0
182,0,300,0,1.0,0.0
183,0,300,0,1.0,0.0
184,0,300,0,1.0,0.0
185,0,300,0,1.0,0.0
186,0,300,0,1.0,0.0
187,0,300,0,1.0,0.0
188,0,300,0,1.0,0.0
189,0,300,0,1.0,0.0
190,0,300,0,1.0,0.0
191,0,300,0,1.0,0.0
192,0,300,0,1.0,0.0
193,0,300,0,1.0,0.0
194,0,300,0,1.0,0.0
195,0,300,0,1.0,0.0
196,0,300,0,1.0,0.0
197,0,300,0,1.0,0.0
198,0,300,0,1.0,0.0
199,0,300,0,1.0,0.0
200,0,300,0,1.0,0.0
201,0,300,0,1.0,0.0
202,0,300,0,1.0,0.0
203,0,300,0,1.0,0.0
204,0,300,0,1.0,0.0
205,0,300,0,1.0,0.0
206,0,300,0,1.0,0.0
207,0,300,0,1.0,0.0
208,0,300,0,1.0,0.0
209,0,300,0,1.0,0.0
210,0,300,0,1.0,0.0
211,0,300,0,1.0,0.0
212,0,300,0,1.0,0.0
213,0,300,0,1.0,0.0
214,0,300,0,1.0,0.0
215,0,300,0,1.0,0.0
216,0,300,0,1.0,0.0
217,0,300,0,1.0,0.0
218,0,300,0,1.0,0.0
219,0,300,0,1.0,0.0
220,0,300,0,1.0,0.0
221,0,300,0,1.0,0.0
222,0,300,0,1.0,0.0
223,0,300,0,1.0,0.0
224,0,300,0,1.0,0.0
225,0,300,0,1.0,0.0
226,0,300,0,1.0,0.0
227,0,300,0,1.0,0.0
228,0,300,0,1.0,0.0
229,0,300,0,1.0,0.0
230,0,300,0,1.0,0.0
231,0,300,0,1.0,0.0
232,0,300,0,1.0,0.0
233,0,300,0,1.0,0.0
234,0,300,0,1.0,0.0
235,0,300,0,1.0,0.0
236,0,300,0,1.0,0.0
237,0,300,0,1.0,0.0
238,0,300,0,1.0,0.0
239,0,300,0,1.0,0.0
240,0,300,0,1.0,0.0
241,0,300,0,1.0,0.0
242,0,300,0,1.0,0.0
243,0,300,0,1.0,0.0
244,0,300,0,1.0,0.0
245,0,300,0,1.0,0.0
246,0,300,0,1.0,0.0
247,0,300,0,1.0,0.0
248,0,300,0,1.0,0.0
249,0,300,0,1.0,0.0
250,0,300,0,1.0,0.0
251,0,300,0,1.0,0.0
252,0,300,0,1.0,0.0
253,0,300,0,1.0,0.0
254,0,300,0,1.0,0.0
255,0,300,0,1.0,0.0
256,0,300,0,1.0,0.0
257,0,300,0,1.0,0.0
258,0,300,0,1.0,0.0
259,0,300,0,1.0,0.0
260,0,300,0,1.0,0.0
261,0,300,0,1.0,0.0
262,0,300,0,1.0,0.0
263,0,300,0,1.0,0.0
264,0,300,0,1.0,0.0
265,0,300,0,1.0,0.0
266,0,300,0,1.0,0.0
267,0,300,0,1.0,0.0
268,0,300,0,1.0,0.0
269,0,300,0,1.0,0.0
270,0,300,0,1.0,0.0
271,0,300,0,1.0,0.0
272,0,300,0,1.0,0.0
273,0,300,0,1.0,0.0
274,0,300,0,1.0,0.0
275,0,300,0,1.0,0.0
276,0,300,0,1.0,0.0
277,0,300,0,1.0,0.0
278,0,300,0,1.0,0.0
279,0,300,0,1.0,0.0
280,0,300,0,1.0,0.0
281,0,300,0,1.0,0.0
282,0,300,0,1.0,0.0
283,0,300,0,1.0,0.0
284,0,300,0,1.0,0.0
285,0,300,0,1.0,0.0
286,0,300,0,1.0,0.0
287,0,300,0,1.0,0.0
288,0,300,0,1.0,0.0
289,0,300,0,1.0,0.0
290,0,300,0,1.0,0.0
291,0,300,0,1.0,0.0
292,0,300,0,1.0,0.0
293,0,300,0,1.0,0.0
294,0,300,0,1.0,0.0
295,0,300,0,1.0,0.0
296,0,300,0,1.0,0.0
297,0,300,0,1.0,0.0
298,0,300,0,1.0,0.0
299,0,300,0,1.0,0.0
300,0,300,0,1.0,0.0
